store_number;address;phone_number
3000004;1100 Lavery Street;(705) 474-5351
3000008;3 Westmount Drive South;(705) 326-6544
3000010;317 Atherley Road;(705) 325-8178
3000015;126 Wellington St. West, Unit # 118;(905) 727-6696
3000018;215 Taylor Rd.;(705) 645-9171
3000020;95 Main St.;(705) 549-4397
3000021;149 St. Vincent Street;(705) 737-1281
3000022;524 Lakeshore Drive;(705) 474-2688
3000024;1146 Cassells Street;(705) 474-9303
3000026;1867 O'Brien Street;(705) 474-9804
3000028;26 Main St., North, Unit 5;(705) 752-3815
3000034;1128 Fisher Street;(705) 474-0115
3000038;208B Mission Road;(705) 856-1416
3000039;655 Wellington Street West;(705) 256-7050
3000042;621 Cassells Street;(705) 474-5296
3000043;271 Dacey Road;(705) 759-1155
3000045;280- 10th Street East;(519) 371-0113
3000048;647 Second Line West;(705) 945-6084
3000052;1596 - 9th Avenue East;(519) 371-0306
3000055;420 Leacock Drive;(705) 737-5615
3000057;1230 Wellington Street East;(705) 253-2571
3000059;550 Beverly Street;(807) 344-6313
3000066;95 Church St.;(705) 746-9133
3000069;394 Oliver Road;(807) 344-7796
3000071;3 Bowes Street;(705) 746-5994
3000072;650 Boundary Road;(705) 946-1932
3000076;509 North Edward Street;(807) 577-6170
3000077;412 Lyndoch St. ;(519) 862-1775
3000086;151 Bayfield Street;(705) 737-4980
3000087;7945 Wyandotte St., East;(519) 945-5153
3000088;20 Peninsula Road;(807) 229-2066
3000091;3 Balsam Street;(807) 344-9698
3000092;4327 Harold St., East;(705) 235-8350
3000094;1500 James St. S, Unit A;(807) 475-8117
3000098;139 Mill St.;(705) 424-1030
3000101;17725 Yonge Street;(905) 853-1613
3000102;14 Paget Street South;(705) 647-9229
3000103;113 Front St.;(705) 753-2194
3000105;1 Yonge St. South;(705) 322-0691
3000110;295 Wellington St.;(705) 645-1571
3000115;353 Anne St. North;(705) 721-4299
3000116;135 George St., S;(705) 755-0205
3000180;680 Cathcart Blvd.;(519) 332-5884
3000191;210 Laurier Avenue East;(613) 233-7678
3000201;313 Mc Arthur Road,;(613) 749-4717
3000219;598 Montreal Road,;(613) 749-9179
3000225;507 Salisbury Ave.;(519) 455-4950
3000277;1339 King Street East;(905) 433-1663
3000281;75 First Street;(519) 941-5931
3000295;13 Elizabeth St;(613) 475-3780
3000301;700 Balmoral Drive;(905) 792-2270
3000348;2675 Lauzon Rd.;(519) 251-0662
3000358;1031 Teron Rd.,;(613) 592-4000
3000365;472 Steeles Avenue East;(905) 878-8640
3000367;11-160 Elgin St., ;(613) 237-8094
3000368;370 Second Ave. N.;(705) 560-1370
3000375;750 LaSalle Blvd. W.;(705) 560-1634
3000381;2142 LaSalle Blvd;(705) 560-1489
3000392;194 Landsdowne St., East;(705) 743-1591
3000404;1023 Wellington Street;(613) 722-7497
3000410;21 Ontario St. N, P.O. Box 579;(519) 238-5664
3000419;246 King St;(705) 745-0901
3000445;240 Graff Ave;(519) 271-5091
3000454;437 St. Laurent Blvd.;(613) 746-0228
3000487;1420 Walkley Road;(613) 731-9002
3000531;10 Mountainview Road;(905) 877-9741
3000535;4111 Petrolia St.;(519) 882-2640
3000536;726 Milford Drive;(613) 384-1521
3000541;390 Mill St.;(519) 252-9434
3000546;580 Cameron Street;(705) 445-7220
3000571;10 Erie St. South;(519) 674-0044
3000576;26 Ottawa St., West;(705) 778-7088
3000582;49 Finch Dr.;(519) 337-2756
3000587;422 Huron St. ;(519) 271-5464
3000627;5854 Malden Rd.;(519) 966-0854
3000644;490 Princess Street;(613) 546-6341
3000647;960 Queen Street;(519) 396-2134
3000684;6 Bell St.;(519) 485-3231
3000692;205 Erie Ave ;(519) 752-1001
3000699;3139 Forest Glade Dr.;(519) 735-3206
3000727;2730 Howard Ave.;(519) 969-1013
3000761;90 Queen St. N.;(519) 682-1081
3000786;1330 Second St. East;(613) 938-3746
3000790;6040 Glen Erin Drive;(905) 567-0599
3000792;848 Brock Street North;(905) 666-3341
3000795;32 Wilson Street;(613) 267-6024
3000798;30 Dean Park Road, Unit R22;(416) 282-3317
3000802;1402 Highgate Street;(613) 596-1739
3000808;451 Division Street;(613) 542-0073
3000813;130 Queen Street East;(905) 451-8337
3000816;75 William Street, North;(705) 324-3060
3000819;357 Bath Road;(613) 542-2235
3000820;560 First Street;(705) 445-8121
3000831;1460 King St. E., ;(905) 545-8272
3000835;327 Bronte Road South;(905) 878-3230
3000837;1300 Garth St. ;(905) 388-0260
3000839;36  York Road, ;(905) 627-5588
3000869;801 Mohawk Rd. W., ;(905) 389-5881
3000883;7241 Bathurst Street;(905) 731-0013
3000886;801 Mount Pleasant Road;(416) 481-9669
3000887;100 Pembroke Street East;(613) 732-2343
3000897;655 Strasburg Rd., ;(519) 744-7780
3000935;333 Rideau Street;(613) 789-7798
3000940;62 Essa Rd.;(705) 737-2125
3001002;258 Park Road South;(905) 436-9858
3001005;201 Brockville Street;(613) 283-5044
3001011;110 Centre St.;(705) 869-1712
3001017;139 Gore Street East;(613) 264-0521
3001019;31 Tapscott Road;(416) 754-4032
3001023;800 Steeles Avenue W.;(905) 738-4213
3001029;500 Main St. ;(519) 583-1721
3001033;500 Hazeldean Rd.,;(613) 831-2336
3001041;7380 Hwy 26;(705) 428-3884
3001047;521 Hwy 8 ;(905) 662-3221
3001052;301 Thorold Road;(905) 732-0134
3001059;987 Gordon St. ;(519) 763-5351
3001064;3427 Derry Road East;(905) 673-6398
3001087;1003 The Kingsway;(705) 566-0218
3001088;106 Sutherland Drive;(613) 542-1357
3001233;808 Innisfil Beach Road, Box 2;(705) 436-7183
3001234;600 Arthur Street, West;(807) 475-8784
3001236;138 Centre St., North;(613) 354-2721
3001239;1812 Scugog Street ;(905) 985-9570
3001249;20 Victoria Ave.;(705) 268-8281
3001251;60 Dwyer Avenue;(705) 264-2077
3001255;555 Mapleview Dr. W., Unit #1;(705) 735-6597
3001259;2030 Meadowgate Blvd.;(519) 680-1313
3001263;350 Big Bay Point Road, Unit #1;(705) 730-6770
3001264;2530 6th Line, Unit 17;(905) 257-7557
3001267;531 Atkinson Ave.;(905) 763-6500
3001268;1186 Dawson Rd., RR #12;(807) 767-1104
3001269;475 Hodder Ave.;(807) 683-6094
3001270;640 WATERLOO ST. S.;(807) 622-2623
3001272;201 Hurst Drive;(705) 792-1596
3001273;196 Talbot St. N;(519) 776-8078
3001276;617 Main Street East;(705) 476-6697
3001277;496 Notre Dame Avenue;(705) 674-3011
3001279;256 Richmond Rd.;(613) 725-1625
3001280;299 Greenbank Rd.,;(613) 596-6223
3001281;6873 McLeod Rd. ;(905) 354-4151
3001282;531 Ritson Rd. S.;(905) 432-2883
3001285;433 Fairview Dr.;(519) 752-3419
3001287;1660 Upper James, ;(905) 383-5431
3001288;40 Pioneer Dr.,;(519) 748-2122
3001289;585 Doon Village ;(519) 748-1343
3001290;891 Campbell Ave.;(519) 971-0090
3001292;12270 Tecumseh Rd.;(519) 979-1881
3001293;87 Victoria Street South;(519) 524-2126
3001294;2606 Jefferson Blvd;(519) 944-7721
3001295;89 Albert Street, PO Box 1090;(519) 482-5329
3001296;540 Westforest Trail ;(519) 585-3165
3001300;16 Government Rd. East;(705) 567-1198
3001301;477 Grove St. East;(705) 730-6778
3001309;181 Livingstone St. East;(705) 728-3539
3001315;9600 Islington Avenue;(905) 893-0356
3001320;926 Paisley Rd.;(519) 822-9452
3001339;62 Stonehaven;(613) 592-1900
3001342;1179 Bayfield St. North;(705) 792-1239
3001349;3525 Hwy 144;(705) 855-6732
3001358;388 Elgin Street;(613) 232-6437
3001372;355 Franktown Rd., ;(613) 253-0663
3001373;418 Moodie Drive;(613) 721-3455
3001374;1292 Pitt St.;(613) 930-9252
3001379;100 Mearns, Unit #13;(905) 697-5795
3001381;345 Talbot Street West;(519) 773-2080
3001382;221 Ferndale Drive South.;(705) 735-0784
3001383;595 Richmond Street ;(519) 642-3910
3001384;381 McNabb Street;(705) 256-2045
3001385;2055 Sandwich Parkway W;(519) 969-9528
3001388;120 Osgoode St.;(613) 236-5348
3001389;2213 Arch St.,;(613) 260-1323
3001391;3 Marcellus Drive;(705) 792-9983
3001395;501 Coldstream Drive;(905) 579-0567
3001420;610 Huronia Road, Unit B12;(705) 734-2959
3001433;200 Carnwith Dr., E.;(905) 655-7413
3001434;15 Mathew St.;(613) 472-6460
3001435;185 North Cumberland Street;(807) 346-9009
3001436;346 South May Street;(807) 626-9080
3001437;915 Red River Road;(807) 767-9006
3001442;1550 Bowmanville Avenue, Unit 1;(905) 697-9976
3001444;333 Frank Street;(519) 534-0130
3001447;175 Hanes Road;(705) 788-3233
3001460;680 Clonsilla Avenue;(705) 741-2371
3001461;1127 Chemong Road;(705) 876-1846
3001462;779 Highway #7, Old Keene Rd;(705) 742-2950
3001464;144 Dundas Street West;(416) 340-1968
3001478;350 Burnthamthorpe Rd., E.;(905) 279-3613
3001482;1625 Sherbrooke Street Unit 1;(705) 740-9916
3001486;192 Activa;(519) 744-3807
3001505;601 Church Street North;(905) 683-5513
3001521;299 Confederation Road;(519) 336-8690
3001535;1653 Taunton Road, E.;(905) 571-2519
3001538;4184 Spratt Road, Unit 1;(613) 822-2631
3001605;230 Shellard Lane;(519) 756-3403
3001606;30 Victoria St., South;(613) 478-5900
3001633;3 Paul Street;(613) 476-7794
3001706;1751 Paul Martin Drive;(613) 735-1066
3001707;3250 Brookdale Avenue;(613) 933-5668
3001710;629 Hwy 2;(613) 657-1553
3001713;628 Third Line East;(705) 253-4985
3001715;55 McNaughton Avenue;(519) 627-2713
3001720;115 Government Road West;(705) 567-4440
3001721;1315 Arthur Street, East;(807) 623-9419
3001727;310 Main Street ;(519) 323-9787
3001728;10601 Chinguacousy Road;(905) 846-5083
3001729;366 Victoria Street North;(519) 744-5185
3001730;565 Algonquin Blvd., E.;(705) 360-1818
3001734;2660 Major mackenzie Drive;(905) 417-8038
3001735;1555 Highway 11;(705) 721-0303
3001737;7887 Tecumseh Road, East;(519) 945-9697
3001738;176 Memorial Avenue;(705) 326-3428
3001739;33 Hunter Street, East;(705) 745-3808
3001740;2606 Trout Lake Road;(705) 495-6202
3001743;1878 Highbury Ave., North;(519) 457-7194
3001744;18 Snyder's Road;(519) 634-9987
3001745;1110 Fennell Avenue;(905) 574-8446
3001746;1705 Bath Road;(613) 384-1278
3001747;5460 Ferry Street;(905) 354-0155
3001748;907, Eagleson Rd;(613) 591-6734
3001749;9061 County Road 17;(613) 446-9143
3001752;10187 Kennedy Road North;(905) 840-5062
3001753;132 Marlborough St., North;(613) 932-6295
3001754;100 Dufferin Street;(613) 267-0169
3001756;1600 Forest Valley Drive;(613) 590-1915
3001757;1 Riverside Drive;(705) 335-2556
3001759;73 Concession Street;(613) 273-9765
3001762;251 Elora Street South;(519) 338-5178
3001763;682824 Road 68;(519) 285-2584
3001764;231 Durham Street South;(613) 473-5441
3001766;230 Wanless Drive;(905) 495-8408
3001767;2439 Steeles Avenue East;(905) 790-2146
3001768;180 King Street East;(905) 697-2365
3001769;1606 Battler Road;(519) 748-6517
3001770;1636 Hwy 15;(613) 544-8849
3001771;8023 Highway 12;(705) 327-7594
3001773;2 Seacliff Drive West;(519) 326-3664
3001774;10980 Bramalea Road;(905) 793-7838
3001775;121 Indian Road South;(519) 344-4586
3001776;145 Albert Street South;(519) 797-2458
3001778;234 Main Street,;(613) 352-3650
3001782;17464 Old Highway # 2 (Dug Hill Road & Dundas St. W);(613) 394-1347
3001785;150 Regional Road 24;(705) 692-9633
3001786;1022 Pelham Street;(905) 892-1773
3001787;8267 Thorold Stone Road;(905) 358-6920
3001789;2959 Petawawa Blvd.;(613) 687-5753
3001793;849 Second Line East;(705) 759-6900
3001799;1070 Stone Church Road East;(905) 318-2381
3001800;176 Goderich Street;(519) 832-6266
3001803;287 Algonquin Road West;(705) 267-0316
3001808;5525 Appleton Side Road;(613) 256-1123
3001810;1011 Division Street;(905) 373-0502
3001811;434 Taylor-Kidd Blvd;(613) 545-0388
3001812;967 Sir John-a-Macdonald Blvd;(613) 542-6634
3001813;715 Limoges Road;(613) 443-5663
3001814;1985 Trim Road;(613) 824-3501
3001815;2302 Tenth Line Road;(613) 590-0880
3001817;395 Montreal Road;(613) 742-5004
3001819;72 Arthur Street West;(519) 599-5566
3001820;1603 Dundas Street East;(905) 434-2588
3050194;11075 Creditview Road;(905) 970-0243
3052255;4885 Mavis Road;(905) 890-1304
3052260;450 Bank ST;(613) 236-0350
3052261;31 BROADWAY ST;(519) 940-4535
3052265;2185 Leanne Blvd;(905) 823-4845
3052266;940 Hamilton RD E;(519) 266-2211
3052267;640 Martin Street;(905) 693-0348
3052268;6788 Regional Road # 25;(905) 878-4433
3052269;5965 HWY 7;(905) 294-2163
3052270;2291 Islington Ave.,;(416) 742-4479
3052271;7995 KENNEDY RD S,;(905) 451-9107
3052272;140 KENNEDY RD N;(905) 453-7140
3052275;2370 Lawrence Ave., E;(416) 751-2541
3052276;800 Lawrence Ave., E;(416) 443-0040
3052278;1584 Merivale RD;6 137 239 575
3052279;1000 The Queensway ;(416) 252-1933
3052280;280 Scarlett RD;(416) 241-8401
3052283;250 The Queensway ;(416) 255-0515
3052284;624 Third Line;(905) 465-3044
3052286;3010 16TH AVE;(905) 887-9824
3052287;1545 Woodroffe Ave.,;(613) 226-6456
3052288;17145 Yonge ST;(289) 841-7533
3052289;9700 Yonge ST;(905) 737-6259
3052290;5571 Yonge ST N;(647) 245-7078
3052292;1025 Ottawa ST N;(519) 279-0353
3052319;2963 QUEEN ST E;(289) 864-5373
3052327;3869 Innes RD;(613) 834-0083
3052329;1499 Upper Middle Road;(905) 618-0365
3052343;5995 Major MacKenzie DR E;(905) 910-2021
3052352;775 Highland RD,  ;(519) 743-5950
3052362;1536 Adelaide Street North;(519) 266-2212
3052365;7 Anne ST N;(705) 728-8295
3052366;875 Appleby Line;(905) 333-6202
3052381;866 Avenue RD;(416) 487-1920
3052382;1865 Avenue RD;(416) 781-3086
3052384;1600 Bank ST;(613) 738-1443
3052388;2471 Barton Street East;(905) 218-3887
3052389;2545 Baseline RD;(613) 721-8194
3052391;13735 Bathurst ST;(905) 773-1139
3052392;3069 Bathurst ST;(416) 787-3938
3052393;6255 Bathurst ST;(416) 225-3797
3052395;1110 Bathurst ST;(416) 532-7332
3052396;369 Bayfield ST;(705) 999-5567
3052397;460 Bayly ST W;(905) 619-0362
3052398;211 Bayly ST E;(905) 231-3020
3052399;735 16TH AVE;(905) 597-9355
3052400;1840 Baview Ave.,;(416) 488-5492
3052401;9999 Bayview Ave.,;(905) 770-4993
3052402;99 Mapleview DR E;(705) 725-9559
3052403;255 East Beaver Creek;(905) 707-0048
3052408;2485 Bloor ST W;(416) 763-2673
3052417;43 MOUNTAINASH RD;(905) 791-6447
3052418;281 RICHVALE DR S;(905) 846-0999
3052422;5539 Harvester Road;(905) 681-1088
3052423;632 Burnhamthorpe Road West;(905) 848-0786
3052428;1859 Carling Ave.,;(613) 728-3234
3052430;1030 Centre ST;(905) 597-0345
3052437;145 CLARK BLVD;(905) 450-1010
3052438;138 College Ave., W;(519) 827-1686
3052446;1321 Courtland Ave.,;(519) 894-9910
3052452;1195 Danforth Ave., ;(416) 406-3776
3052453;3566 St. Clair Ave., E;(416) 264-2735
3052454;3075 Danforth Ave., ;(416) 699-0829
3052455;333 Davenport Road; 
3052456;1144 Davis DR;(905) 953-1855
3052463;6998 Rexwood Road;(905) 677-2595
3052464;480 DERRY RD E;(905) 564-4971
3052465;7030 MCLAUGHLIN RD;(905) 795-0832
3052466;7025 MILLCREEK DR;(905) 814-4871
3052471;6415 DIXIE RD;(905) 565-8357
3052472;5014 Dixie Road;(905) 766-9593
3052473;4011 Dixie Road;(905) 766-9575
3052474;620 PETER ROBERTSON BLVD;(289) 864-7577
3052475;261 Dixon RD;(416) 240-7717
3052477;1500 Finch Ave., E;(416) 756-4600
3052478;2500 Don Mills RD ;(416) 494-6000
3052479;843 Don Mill RD;(416) 447-3776
3052483;515 Drewry Ave.,;(416) 225-4818
3052484;3321 Dufferin ST;(416) 243-6011
3052485;1500 Major MacKenzie DR W;(905) 879-9224
3052486;6000 Dufferin ST;(416) 739-6888
3052487;4550 Dufferin ST;(416) 667-8223
3052488;1404 Dundas Street East;(905) 281-8698
3052489;520 Dundas Street West;(905) 257-8350
3052490;2971 Walker's Line ;(905) 336-3800
3052491;5470 Dundas Street West;(647) 245-7077
3052492;305 Dundas Street East;(905) 257-7992
3052493;1903 Dundas ST E;(905) 434-3892
3052494;150 Dupont ST;(416) 850-9636
3052497;1725 Eglinton Ave., E;(416) 292-6592
3052498;1485 Elgin Mills RD E;(905) 508-2936
3052499;2801 Elgin Mills RD E;(905) 927-9991
3052501;1615 Ellesmere RD;(416) 289-7476
3052503;2520 Britannia Road West;(905) 821-4079
3052504;4530 Erin Mills PKY;(905) 607-1599
3052505;2 Bryne DR;(705) 735-0089
3052506;4000 Finch Ave., E;(416) 609-5717
3052507;100 Jamieson Parkway;(519) 658-2910
3052511;236 Glendale Ave.,;(905) 682-8698
3052512;1136 Golf Links Road;(905) 304-8088
3052513;1170 Guelph Line;(905) 332-3606
3052519;401 Hazeldean RD;(613) 271-3002
3052520;10606 HEART LAKE RD;(905) 846-8972
3052523;1149 Highbury Ave N., ;(519) 266-2223
3052526;3764 HWY 7 W;(905) 264-9970
3052527;2100 Hunt Club RD;(613) 249-8847
3052528;5008 Hurontario Street;(905) 766-9585
3052530;5980 HURONTARIO ST;(905) 502-0674
3052531;3445 Hurontario Street;(905) 272-2224
3052533;9 BOVAIRD DR;(905) 452-7218
3052534;2319 HWY 11 S RR1;(705) 710-8617
3052536;2162 Prince Of Wales DR;(613) 226-9186
3052538;20382 Country Road 2 ;(343) 885-8016
3052539;6780 Kingston RD;(416) 724-2632
3052542;8525 HWY 27;(905) 851-2573
3052543;HWY 400 S;(905) 832-2248
3052544;1185 Division ST;(613) 541-7240
3052546;380 Main ST N;(905) 471-9522
3052547;10483 HWY 7;(613) 257-1728
3052548;4515 HWY 7;(289) 845-9190
3052549;6161 HWY 7;(905) 850-5597
3052550;1 THORNHILL WOODS DR;(905) 882-4400
3052551;31 Dundas ST;(519) 622-1301
3052553;1451 HWY 2;(905) 576-7255
3052554;8 Kingston RD E;(905) 619-1743
3052557;1494 Innes RD;(613) 741-3599
3052558;7018 Islington Ave., ;(289) 845-9119
3052560;1890 Jane ST;(416) 245-0909
3052561;4000 Jane ST;(416) 736-6205
3052562;2669 Jane ST;(416) 745-3776
3052566;8555 Keele ST;(905) 660-3113
3052567;7749 Kennedy RD;(905) 940-8896
3052568;1480 Kennedy RD;(416) 757-2336
3052569;415 King ST N;(519) 279-0380
3052570;648 King Street West;(905) 218-3888
3052571;952 King ST W;(416) 423-7357
3052575;3800 Kingston RD;(416) 267-6039
3052581;278 Lake Street;(905) 937-7090
3052582;553 Lakeshore Blvd., W;(416) 955-0099
3052583;142 Lakeshore Road;(905) 646-4558
3052584;1447 Lakeshore Road,;(905) 632-3900
3052585;1765 Lakeshore Road West;(905) 822-7390
3052587;829 Lakeshore Blvd., ;(416) 778-8963
3052588;2611 Lawrence Ave., E;(416) 701-1444
3052589;1309 Lawrence Ave., E;(416) 445-9022
3052590;1472 Wellington ST E;(905) 726-8784
3052591;1869 Leslie ST;(416) 391-2552
3052592;6015 Leslie ST;(416) 496-3330
3052593;18273 Leslie ST;(905) 853-8439
3052594;4751 Leslie ST;(416) 498-6734
3052595;1799 Liverpool RD;(905) 420-5678
3052598;6192 Lundys Lane;(905) 353-0020
3052601;1445 Main Street West;(905) 523-7970
3052604;1515 Main ST E;(905) 864-0159
3052605;3100 Major MacKenzie DR W;(905) 832-2517
3052606;3555 Major MacKenzie DR;(905) 417-7355
3052607;541 Maple Grove DR;(905) 338-9442
3052609;479 March RD;(613) 592-0683
3052611;1150 Markham RD;(416) 439-3665
3052612;1641 Markham Road;(416) 421-0913
3052613;5551 Finch Ave., E;(416) 849-9611
3052614;780 BANCROFT DR;(905) 819-4579
3052615;7970 MAVIS RD;(905) 454-7196
3052617;550 Bur Oak Ave.,;(905) 927-0920
3052619;10010 MCLAUGHLIN RD N;(905) 495-7473
3052623;1990 STEELES AVE W;(905) 451-5723
3052625;2075 Montreal RD;(613) 741-8787
3052626;120 Montreal RD;(613) 744-1219
3052628;381 Mt. Pleasant RD;(416) 481-0199
3052629;1175 Mulock DR;(905) 853-3776
3052632;709 Niagara Street;(905) 714-4378
3052638;561 O'Connor DR;(416) 421-9333
3052640;408 Ontario Street;(905) 682-6141
3052641;61 Overlea Blvd;(416) 429-8713
3052642;591 Oxford ST W;(519) 641-2702
3052646;20 Park RD S;(289) 274-1150
3052647;581 Parliament ST;(647) 245-7066
3052651;14 Plains Road East;(905) 632-8352
3052655;1856 Robertson RD;(613) 721-0699
3052656;3705 Riverside DR;(613) 739-9724
3052662;3650 Rutherford RD;(905) 303-0300
3052665;461 Sheppard Ave., E;(416) 224-9500
3052666;3306 Sheppard Ave., E;(647) 245-7025
3052667;1138 Sheppard Ave., W;(416) 630-9533
3052668;3600 Sheppard Ave., E;(416) 293-4868
3052669;1149 Morningside Ave.,;(416) 283-3662
3052675;110 Silvercreek PKY;(519) 829-3401
3052676;345 Speers Road;(905) 815-1088
3052678;1980 St. Joseph Blvd.,;(613) 837-5809
3052690;2645 STEELES AVE E;(905) 792-9222
3052692;1505 Steeles Ave., E;(416) 222-4040
3052693;5975 Steeles Ave., E;(416) 282-7020
3052695;3580 Strandherd RD;(613) 823-7909
3052700;1311 Harmony RD N;(905) 435-0970
3052701;720 Taunton RD E;(905) 655-5845
3052703;501 Terry Fox DR;(613) 599-7375
3052704;44 Edgewater ST;(613) 836-6911
3052705;485 Winchester RD E;(905) 655-0536
3052708;562 Trafalgar Road;(905) 618-0393
3052714;249 Upper Centennial;(905) 218-3877
3052715;917 Upper James Street;(905) 538-4685
3052716;528 Mohawk Road East;(905) 575-4883
3052717;593 Victoria ST N;(519) 741-0424
3052719;3400 Victoria Park Ave., ;(416) 497-4169
3052722;732 Walkers Line;(905) 333-0445
3052723;1970 Walkley RD;(613) 521-9090
3052724;1251 Wellington RD S;(519) 691-0335
3052726;3514 Weston RD;(416) 901-1112
3052727;841 Wharncliffe RD S;(519) 686-6738
3052728;9800 CHINGUACOUSY RD;(905) 455-1621
3052729;33 Wilson Street West;(905) 648-4434
3052730;2980 ARGENTIA RD;(905) 814-8435
3052731;5585 Winston Churchill Blvd.,;(905) 812-9391
3052732;7001 Woodbine Ave., ;(905) 477-4100
3052733;8291 Woodbine Ave.,;(905) 513-7781
3052734;7010 Woodbine Ave.,;(905) 479-7861
3052735;435 Woodlawn RD W;(519) 837-9041
3052738;14923 Yonge ST;(905) 727-3790
3052739;10579 Yonge ST;(905) 737-8950
3052740;4696 Yonge ST;(416) 221-5109
3052741;7015 Yonge ST;(905) 764-6787
3052768;10750 Jane ST;(905) 417-3776
3052782;1455 Victoria street N;519-568-5290
3052832;12338 Yonge ST  ;(905) 773-8488
3059106;6005 Derry Road W. ;(289) 851-2379
3059894;11025 Torbram Road;(905) 792-1702
3060122;3211 Yonge Street;(416) 489-3253
3060205;4141 Dixie Road;(905) 629-4380
3060249;2900 Eglinton Avenue East;(416) 431-9765
3060296;11 Pleasant Blvd ;(416) 925-7928
3060309;2428 Islington Avenue;(416) 740-5672
3061026;955 Westney Road South;(905) 683-4678
3061046;355 Wentworth Street West;(905) 433-0707
3061089;1051 Simcoe Street North;(905) 436-1863
3061114;5946 Main Street;(905) 640-6449
3061116;600 Grandview St. South;(905) 435-0278
3061508;1685 Tecumseh Road East;(519) 253-2310
3061536;626 Notre Dame;(519) 728-3533
3061539;14301 Tecumseh ;(519) 979-8079
3061543;12317 Riverside Dr.E;(519) 735-3131
3061547;4675 Seminole;(519) 944-7703
3061548;170 McNaughton;(519) 351-6820
3061550;400 Exmouth St.;(519) 344-2621
3061557;1320 Walker Rd.;(519) 254-4288
3061560;30 Talbot St. ;(519) 825-7727
3061561;1093 Lauzon Rd.;(519) 974-9186
3061562;1304 Grand Marais Rd.;(519) 969-0848
3061563;991 Ouellette Avenue;(519) 252-2234
3061574;9 Sandwich St.;(519) 736-2767
3061575;1568 Seacliff Drive;(519) 322-2488
3061577;751 Front Road;(519) 978-0140
3061583;25 Victoria St.;(519) 692-5477
3062020;115 Christopher Dr., ;(519) 621-8533
3062051;101 St. Andrews St. E., ;(519) 843-5252
3062052;133 St. George St. ;(519) 348-8036
3062053;190 Queen St.;(519) 284-1584
3062054;275 Wallace Avenue North  ;(519) 291-3504
3062063;105 Hespeler Rd.  ;(519) 623-6693
3062066;300 Bleams Rd., ;(519) 744-3226
3062067;54 Arthur St. ;(519) 669-4155
3062079;343 Josephine Street;(519) 357-4490
3063005;235 McDonnell Street;(705) 742-1878
3063015;522 The Queensway South;(905) 476-3143
3063021;28408 HWY #48.;(705) 437-1147
3063022;1079 Clonsilla Ave;(705) 745-4493
3063032;16925 Yonge Street, #2;(905) 898-4242
3063033;14/16 Main Street South;(905) 853-7528
3063037;76 Bridge St. East;(705) 653-3191
3063039;871 Ward Street;(705) 292-7661
3063043;87 Lindsay St. South;(705) 324-1958
3063047;12 Cameron St. East;(705) 432-2539
3063055;23 Brock Street, East;(905) 852-6267
3063056;122 King St., West;(905) 372-7481
3063059;48 King St., East;(905) 355-3880
3064012;75 Admiral Dr.;(519) 453-0080
3064019;1050 Kipps Lane;(519) 439-1802
3064026;319 George St.;(519) 782-4271
3064034;699 Wilkins St.;(519) 686-3891
3064036;361 Norwich Ave.;(519) 539-5260
3064037;670 First St.;(519) 452-1773
3064045;7-15 Front St., East;(519) 245-5372
3064049;2045 Dundas St.;(519) 455-0167
3064053;22537 Adelaide St. N;(519) 264-9464
3064054;15 Stover St.;(519) 863-3766
3064059;949 Devonshire;(519) 537-2696
3064060;5302 Nauvoo Rd.;(519) 876-3115
3064067;925 Wonderland Rd. S;(519) 657-3328
3064068;900 Oxford St.;(519) 451-4670
3064070;575 Proudfoot Lane;(519) 472-4867
3064071;343 Wellington Rd. ;(519) 433-2723
3064082;431 Boler Rd.;(519) 473-3976
3064091;287 Talbot St.;(519) 633-7642
3064095;534 Elm St.;(519) 631-9005
3064106;422 James St.;(519) 582-4220
3064111;594 Broadway;(519) 842-5224
3064116;2254 Trafalgar St. ;(519) 659-4513
3065017;110 Little Ave.;(705) 726-2242
3065020;24 Main St  ;(519) 928-5455
3065026;353 Duckworth Ave.;(705) 737-0493
3065031;615 Campbell St. ;(519) 528-2212
3065034;1551 Mosley Street;(705) 429-4833
3065041;448 Main Street;(519) 925-5831
3065049;33 Yonge St.;(705) 435-4621
3065050;50 Toronto Street North;(519) 986-3611
3065056;19466 Yonge Street;(905) 836-6491
3065057;166 Holland Street West;(905) 775-2763
3065058;293 Midland Ave.;(705) 526-8074
3065060;464 10th Street;(519) 364-4139
3065061;329 Main Street;(519) 422-2256
3065062;236 Hurontario Street;(705) 445-9890
3065066;85 Queen Street;(905) 936-2201
3065067;400 Townline, Unit 1;(519) 941-7741
3065068;136 Sykes Street North;(519) 538-2024
3065069;755 William St. @ Birchwood;(705) 526-0495
3065071;209554 Hwy #26;(705) 445-8241
3065072;108 Dawson Road ;(519) 942-1650
3065077;13553 Bruce Road 10;(519) 364-7240
3065079;910 Yonge Street South;(519) 881-3650
3065081;57 Elora & First Street;(519) 367-5339
3066003;300 Sidney St. North;(613) 392-0211
3066007;13 North Trent Street;(613) 398-6626
3066027;118 Byron St.;(613) 392-7977
3066029;417 Bridge St., East;(613) 966-6065
3066031;196 Ontario Street;(613) 549-7931
3066032;2814 Princess Street;(613) 389-6842
3066038;106  Humber College Blvd.;(416) 749-2705
3066039;206 King Street East;(905) 433-1610
3066051;3024 Don Mills Road;(416) 491-9701
3066082;957 Mount Pleasant Road;(416) 483-2993
3066084;51 McMurchy Avenue South;(905) 459-0322
3066087;555 Rossland Road East;(905) 725-8585
3066123;2244 Bloor Street West;(416) 766-5682
3066231;2826 Victoria Park Avenue  ;(416) 491-8481
3066242;140 LaRose Avenue;(416) 244-8576
3066282;2975 Kingston Road;(416) 264-4880
3066308;2200 Martin Grove Road;(416) 740-1918
3066616;904 Millwood Avenue;(416) 422-1070
3066623;2051 Mt. Forest Drive;(905) 332-4943
3066647;4049 New Street;(905) 637-0920
3066682;1298 Kingston Road;(905) 831-0146
3067011;55 Main St. S;(905) 768-1071
3067033;207 Keefer Rd.;(905) 680-1033
3068007;1 Plaza Drive;(613) 652-2377
3068013;45 Main Street;(613) 283-6540
3068014;2063 Meadowbrook Rd.,;(613) 741-7217
3068020;14805 County Road 2;(613) 537-2123
3068024;1 Hobin St.;(613) 836-1660
3068025;7 Moulinette Rd.,;(613) 534-2942
3068029;6138 Perth Street;(613) 838-3041
3068034;421 Rideau Street;(613) 258-2573
3068036;250 King St. W.;(613) 345-5918
3068042;80 Madawaska Street;(613) 623-7542
3068043;163 Town Line W.;(613) 257-3110
3068044;5511 Main Street;(613) 692-4891
3068048;1025 Merivale Rd.,;(613) 722-6481
3068049;4000 Bridle Path;(613) 523-5279
3068050;100 Castlefrank Rd.,;(613) 836-1382
3068053;320 Pembroke St. E.,;(613) 735-0781
3068054;367 Raglan St. S.;(613) 432-7433
3068062;385 Tompkins Ave.,;(613) 837-7807
3068064;542 St. Lawrence St.;(613) 774-3049
3068065;1827 Baseline Rd.,;(613) 224-4726
3068076;3389 Petawa Blvd;(613) 687-2609
3068077;395 Daniel St, South;(613) 623-9457
3069004;2 Main Street East;(705) 789-4755
3069006;875 Queen St E. (UNIT 7);(416) 945-0168
3069007;485 Queen St W;(416) 504-5217
3069008;671 Danforth Ave;416-466-9809
3069009;202 Bloor St West;416-929-3629 
3069010;211 Yonge St.;416-777-2063
3069011;129 East Liberty St.;416-814-7496
3069012;668 Dundas St East;(416) 867-9966
3069013;10 King St East;416-703-0520
3069014;425 Bloor St. East;416-922-0682
3069015;121 BLOOR ST E;(416) 944 - 0325
3069016;2072 Queen St. East;416-698-1714
4011020;9194 SCOTT ROAD;(604) 588-8849
4011040;265 MENZIES STREET;(250) 382-0912
4011084;33093 7TH AVENUE;(604) 826-6936
4011089;314 ROCKLAND ROAD;(250) 923-4141
4011094;13192 104TH AVENUE;(604) 585-7334
4011095;1751 KING GEORGE BLVD;(604) 536-6622
4011096;14820 108TH AVENUE;(604) 584-2440
4011109;13983 16TH AVENUE;(604) 531-5226
4011112;1997 CORNWALL ST;(604) 731-5614
4011117;2147 RICHTER STREET;(250) 763-8666
4011133;1198 DAVIE ST;(604) 669-3874
4011139;5641 HASTINGS STREET;(604) 299-1625
4011144;3198 JACKLIN ROAD;(250) 474-4980
4011146;5 1155 K.L.O. ROAD;(250) 763-6446
4011147;2515 HEMLOCK STREET;(604) 736-5115
4011150;4286 DEPARTURE BAY RD # 1;(250) 758-2425
4011156;169 10020-152ND STREET;(604) 588-2663
4011157;14405 ROSEDALE AVENUE;(250) 494-0900
4011158;615 EAST BROADWAY;(604) 875-1015
4011159;8007 KING GEORGE BLVD;(604) 590-5336
4011160;2220 BOUCHERIE ROAD;(250) 769-5505
4011162;1520 ADMIRALS ROAD;(250) 381-5635
4011166;1515 COOK STREET;(250) 381-1089
4011170;435 COLUMBIA STREET;(604) 520-0471
4011175;20995 88TH AVENUE;(604) 888-7302
4011177;2635 QUADRA STREET;(250) 381-5675
4011181;20318 DEWDNEY TRUNK RD.;(604) 460-9300
4011183;285 ANDERSON DRIVE;(250) 992-9700
4011184;2988 HIGHWAY 16 EAST;(250) 635-6670
4011185;2601 COMMERCIAL DR.;(604) 675-9026
4011187;16013 FRASER HIGHWAY;(604) 572-3538
4011191;3749 SHELBOURNE ST.;(250) 472-0988
4011193;3955 JOHNSTON RD.;(250) 723-2245
4011194;2801 - 10 AVENUE N.E.;(250) 832-7226
4011195;1007 RUTLAND RD. N.;(250) 765-2718
4011199;4144 WILKINSON RD. #10;(250) 658-0425
4011201;3292 PRODUCTION WAY # 110;(604) 420-3161
4011204;1014 GLENMORE DRIVE #106;(250) 448-8099
4011206;45970 1ST AVENUE;(604) 703-0189
4011207;7175 138 STREET #103;(604) 678-1481
4011210;7150 200TH STREET;(604) 514-0610
4011213;1300-1304 DOUGLAS ST.;(250) 220-7255
4011214;9951 WILLIAMS ROAD;(604) 241-7622
4011216;110 2189 SPRINGFIELD;(250) 448-4223
4011217;7871 STAVE LAKE STREET;(604) 814-4742
4011219;2087 VERNON AVENUE;(250) 547-6329
4011220;1065 LAHAKAS BLVD. NORTH;(250) 632-3768
4011221;4300 - 27TH STREET;(250) 275-4471
4011222;4370 LORIMER ROAD;(604) 905-5692
4011224;3086 Broadway West;(604) 714-1282
4011225;595 West Georgia Street;(604) 675-6365
4011226;1718 Davie Street;(604) 681-3616
4011227;1910 W 4th Ave      ;(778) 327-2186
4022003;528 4TH AVENUE S.W.;(403) 264-7391
4022004;2104 33RD AVENUE S.W.;(403) 242-2666
4022011;1202 17TH. AVE. S.W.;(403) 245-4242
4022012;705 8TH STREET S. W.;(403) 262-3055
4022027;2905 14 STREET S.W.;(403) 244-6266
4022028;1403 8TH. STREET S.W.;(403) 244-5312
4022029;20 2439 54TH. AVENUE S.W;(403) 243-6463
4022037;1501 DUNMORE RD.S.E;(403) 529-6210
4022038;4 7005-18 STREET S.E.;(403) 279-6761
4022045;19 3735 RUNDLEHORN DR.N.E;(403) 285-5170
4022046;7 - 5720 SILVER SPRINGS BL;(403) 288-2535
4022048;1110 CANTERBURY DRIVE S.W.;(403) 281-4902
4022049;6098 MEMORIAL DRIVE N.E. BAY88;(403) 248-7818
4022052;907 -A SUTHERLAND DRIVE;(403) 362-2808
4022053;717 20TH STREET N.E.;(403) 526-7691
4022054;4 - 4623 BOW TRAIL S.W.;(403) 246-1973
4022056;3709 26TH AVENUE NE;(403) 285-7117
4022057;11440 BRAESIDE DR S.W. #4;(403) 281-0144
4022063;838 - 68TH STREET N.E.;(403) 272-7118
4022069;3012 -17TH AVENUE S.E.;(403) 273-6484
4022076;523 WOODPARK BLVD S.W.;(403) 281-1933
4022082;100 MILLIGAN DRIVE;(403) 938-7557
4022091;2145 SUMMERFIELD BLVD.;(403) 948-3507
4022096;625B 5TH STREET S.E.;(403) 652-2660
4022100;398 12TH STREET N.E.;(403) 526-7702
4022107;630 1ST AVE N E;(403) 263-7917
4022111;4011 50TH STREET S.W.;(403) 249-3224
4022112;1207 12TH AVENUE S.W.;(403) 228-7775
4022113;1904 19TH STREET N.E.;(403) 291-9370
4022114;1705 17 AVENUE S.W.;(403) 229-1101
4022116;9909 FAIRMOUNT DRIVE S.E.;(403) 271-1105
4022117;8286 CENTER STREET NORTH;(403) 295-3745
4022119;2007 - 4TH STREET S.W.;(403) 228-1449
4022121;8060 Silver Springs Blvd.;(403) 286-8110
4022122;14943 DEER RIDGE DRIVE S.E.;(403) 225-0656
4022123;4940 1 ST W. STREET;(403) 625-3895
4022124;755 LAKE BONAVISTA DR. S.E.;(403) 278-9455
4022125;555 11TH AVENUE SOUTH WEST;(403) 266-6290
4022126;5260 FALSBRIDGE DRIVE NE;(403) 285-6353
4022128;56 -6130 1A STREET S.W.;(403) 258-1331
4022130;1919 SIROCCO DRIVE S.W.;(403) 246-2878
4022135;1440 52 STREET NE. #208;(403) 235-0430
4022137;34 EDGEDALE DRIVE N.W.;(403) 547-6741
4022143;1264 68 STREET SE;(403) 272-9485
4022145;3 CORAL SPRINGS BLVD. NE;(403) 280-9848
4022147;175 SOUTH RAILWAY AVE.;(403) 823-2207
4022149;702 - 2ND STREET NORTH;(403) 443-2185
4022150;2204 - 19TH STREET;(403) 646-3252
4022151;530 - 10TH AVENUE;(403) 337-0154
4022154;2351 7TH AVENUE;(403) 553-2660
4022156;16305 SOMERCREST ST. SW;(403) 873-0862
4022157;8 MCKENZIE TOWNE AVE. S.E.;(403) 257-8925
4022158;40 SOUTHRIDGE DR.;(403) 938-2359
4022161;202 WOLF STREET;(403) 760-8270
4022162;11 HIDDEN CREEK DR. NW;(403) 730-6303
4022163;110 WT HILL BLVD. S.;(403) 380-3002
4022164;2730 MAYOR MAGRATH DR. S.;(403) 381-9300
4022165;717 6 AVENUE S.;(403) 327-1046
4022166;10 CHAPARRAL DR. SE #300;(403) 256-8886
4022168;649 SHAWINIGAN DR. SW;(403) 201-8959
4022171;905 1ST AVE. NW;(403) 948-9750
4022173;355 SOUTHRIDGE DR. SE;(403) 526-7316
4022174;329 BLUEFOX BLVD NORTH;(403) 328-9742
4022175;10500 20 AVENUE UNIT 1;(403) 564-4304
4022176;712 BOW VALLEY TRAIL #117;(403) 678-4851
4022177;2515 HIGHLANDS RD. W.;(403) 394-3851
4022178;677 COUGAR RIDGE DR. SW #100;(403) 686-7371
4022180;11300 TUSCANY BLVD. #6006;(403) 241-5138
4022181;5303 68 AVENUE SE #156;(403) 203-4706
4022185;90 CRANLEIGH DR. SE #3;(403) 257-6392
4022186;4242-7TH STREET SE, 142;(403) 207-9142
4022187;8 PANATELLA BLVD NW;(403) 226-0587
4022188;4000 55 SKYVIEW RANCH;(403) 262-5084
4022190;210 SCENIC DRIVE SOUTH;(403) 388-4851
4022191;301 320 WEST CREEK DRIVE;(403) 235-2852
4022193;180 COLUMBIA BOULEVARD;(403) 320-6879
4022194;102 - 6TH AVENUE SE;(403) 488-4164
4022195;UNIT 500 7171 - 80 AVENUE NE;(403) 798-9017
4022196;121 Sunridge Road West;(403) 327-3556
4022198;400 High Country Dive N.W.;(403) 652-1984
4022199;120, 3820 104 Avenue N.E.;(587) 755-4991
4022200;5642 - 46 STREET;(403) 556-6133
4022202;98 Riverside Way;(236) 705-8007
4022505;11310 Jasper AVENUE;(780) 426-0030
4022512;3923 106TH. STREET;(780) 434-3223
4022523;9554 163RD. STREET;(780) 489-3070
4022525;11822 103RD. STREET;(780) 479-3445
4022530;18208 89TH. AVE;(780) 487-6944
4022531;11849 34 STREET;(780) 477-8164
4022544;3208 82 ND STREET;(780) 463-4098
4022551;4412 36 AVENUE;(780) 462-8347
4022556;1 SYLVAN DRIVE;(403) 887-4145
4022558;3801 ROSS STREET.;(403) 346-8035
4022560;600 HERMITAGE ROAD;(780) 473-1468
4022561;5204 41ST STREET;(403) 227-1414
4022563;101 GRANADA BLVD.;(780) 467-4649
4022564;2127-50TH AVENUE, 101;(403) 342-2038
4022565;6655 178 TH STREET, # 150 ;(780) 481-9528
4022567;8118 120TH AVE;(780) 474-0978
4022568;11638 87 TH AVENUE;(780) 433-2389
4022569;4702 50TH STREET;(780) 352-6106
4022573;8226 175TH STREET;(780) 487-5652
4022574;11615 104TH AVENUE;(780) 488-1578
4022577;10666 82 AVENUE;(780) 439-5453
4022579;16741 91 STREET;(780) 457-9394
4022580;8177 -99 STREET;(780) 433-4011
4022581;14703 40 AVENUE;(780) 988-6442
4022583;4619 - 50 AVENUE;(780) 923-3693
4022584;1414 8TH. AVENUE;(780) 639-2664
4022585;11105 87 AVENUE;(780) 433-0992
4022586;10005 - 105 ANEVUE;(780) 538-1433
4022589;9910 104 STREET;(780) 425-8378
4022597;7609 38 AVENUE;(780) 461-9201
4022598;7636 156 STREET;(780) 487-0074
4022599;15179 121 STREET;(780) 456-3488
4022600;6903 172 STREET;(780) 487-9377
4022602;11835 40 AVENUE N.W.;(780) 436-7480
4022603;15810 87 AVENUE;(780) 444-0106
4022604;4333 50 STREET;(780) 490-1912
4022605;18904 87 AVENUE;(780) 487-7545
4022606;11410 GROAT ROAD;(780) 455-1298
4022607;35 GIROUX ROAD;(780) 460-8221
4022608;4447 - 50 AVENUE;(780) 645-2899
4022609;10202 - 97 STREET BOX 5;(780) 926-3800
4022611;5001 FORREST DRIVE;(867) 873-9393
4022612;5008 - 50 AVENUE;(780) 524-2559
4022613;826 - 1ST AVENUE;(780) 354-2159
4022614;9701 - 84 AVENUE;(780) 538-4733
4022616;9821 - 100 STREET;(780) 939-3377
4022617;617 PATRICIA STREET;(780) 852-4223
4022620;5219 - 48 STREET;(780) 523-4190
4022621;14003 Victoria TRAIL;(780) 476-0990
4022623;2 SIR WINSTON CHURCHILL AVE.;(780) 459-7355
4022625;5123 HIGHWAY STREET W.;(780) 778-2655
4022626;100 - 12TH AVENUE S.W.;(780) 849-6954
4022628;60 KAYBOB DRIVE SOUTH;(780) 622-2020
4022630;5204 - 50 AVENUE;(780) 853-2741
4022631;4730 - 65 STREET;(780) 672-2441
4022634;5008 - 47 AVENUE;(780) 921-2280
4022638;10845 61 AVENUE NW;(780) 432-5609
4022640;17260 95TH AVENUE;(780) 443-3119
4022641;4302 50 STREET #100;(780) 980-0852
4022642;9912 KING ST.;(780) 791-4476
4022643;102 MILLENIUM DR.;(780) 799-3302
4022644;1 - 9301 76TH AVENUE;(780) 532-7823
4022645;420 ALLAN ST. BAY 3;(403) 309-8321
4022646;15399 CASTLEDOWNS RD.;(780) 457-3475
4022648;9106 - 100 AVENUE;(780) 939-0691
4022650;624 KING STREET;(780) 962-8246
4022653;4402 48 STREET;(780) 963-9205
4022657;8403 ELLERSLIE RD. SW;(780) 490-6823
4022658;7 JIM COMMON DRIVE;(780) 449-1926
4022660;1 - 700 SIGNAL RD.;(780) 743-4056
4022661;15531 - 118 AVENUE;(780) 409-8200
4022663;100 REAL MARTIN DR.;(780) 743-2345
4022664;110 190 BOUDREAU ROAD;(780) 458-8120
4022668;1704 TOWNE CENTRE BLVD. NW;(780) 989-3972
4022669;9607 100 AVENUE;(250) 785-2099
4022680;5107 -46 STREET;(403) 845-2644
4022685;16610 - 59A St. N.W.;(780) 371-6384
4022691;864-119 STREET SW;(780) 433-2471
4022692;6801 PINNACLE STREET;(780) 402-2960
4022693;2950-22 STREET BAY 100;(403) 314-1306
4022694;5220 - 199 STREET SW, #7;(780) 483-0648
4022695;9215 LAKELAND DRIVE, #101;(780) 532-3790
4022696;180 Miquelon Ave #155;(780) 987-3673
4022697;151 LOUTIT ROAD SUITE 100;(780) 743-2984
4022702;12631 Victoria TRAIL;(780) 377-2143
4022703;3 IRONSIDE STREET, #120 ;(403) 341-3945
4022704;2 Jewell Street;(403) 340-0169
4022705;5001 - 52ND STREET;(403) 782-0829
4022706;10 RIDGEMONT WAY;(780) 449-0402
4022708;#100 3 MCLEOD AVENUE;(780) 962-8629
4022709;7103 - 101 AVENUE;(780) 462-8980
4022710;UNIT 1400 1000 AIRPORT ROAD;(780) 890-7295
4022711;5401 - 51 STREET HWY2;(780) 332-0003
4022712;11404 17 AVE SW;(780) 989-3890
4022713;2304 - 23 AVENUE NW;(780) 468-2097
4022714;#1 10511 - 84TH AVENUE;(780) 833-9077
4022715;6009 MILL WOODS ROAD S. NW;(780) 440-0832
4022716;9109 - 92ND AVENUE;(780) 532-2860
4022718;9910 96 St.;(780) 833-4080
4022719;9375 - 215 St. N.W.;(587) 462-5648
4022720;6702 Golden West Avenue;(403) 347-1453
4022721;11511 - 96 St.;(587) 259-7188
4022722;3881 Allan Dr. S.W.;(587) 525-3335
4022723;20010 Lessard Rd. N.W.;(780) 244-7350
4022725;8408 Resources Rd.;(780) 833-4184
4022726;1201 61st Ave;(587) 789-0705
4022727;840 St. Albert Trail, #300;(780) 651-0283
4022728;12820 97 Street N.W;(780) 670-4926
4022730;102 4200 Veteran's Blvd;(587) 206-3776
4022731;2810 13 Ave;(587) 607-5053
4022732;200, 4034 Ryders Ridge Blvd;(403) 754-4824
4022733;7414 50 Ave;(825) 221-5559
4022734;360 Ebbers Blvd NW;(780) 641-8351
4022735;2010 Sparrow Drive;(780) 955-3906
4033330;48 OSBORNE ST.;(204) 284-7617
4033333;415 SPRINGFIELD RD.;(204) 668-8005
4033334;829 CAVALIER DR.;(204) 832-0322
4033345;1021 MCGREGOR ST.;(204) 339-2263
4033364;529 LONDON ST.;(204) 669-5119
4033372;1670 CORYDON AVE.;(204) 489-9025
4033376;1035 AUTUMNWOOD DR.;(204) 257-5710
4033378;327 Saskatchewan AVE. E.;(204) 239-6404
4033380;2544 MAIN ST.;(204) 338-0173
4033382;187-193 MAIN ST.;(204) 785-8846
4033385;855 - 1 STREET;(204) 727-0162
4033388;3311 PEMBINA HWY.;(204) 269-0629
4033389;1165 KILDARE AVE.;(204) 224-9112
4033392;737 GATEWAY RD.;(204) 669-9675
4033397;100 - 50 LAKEWOOD BLVD.;(204) 254-0599
4033399;83 CENTRE ST.;(204) 642-4430
4033400;745 Thompson DRIVE;(204) 677-8084
4033401;#100, 1750 Plessis Road;(204) 222-1770
4044001;102 2805 6TH AVENUE EAST;(306) 922-3890
4044020;2303 33RD STREET WEST;(306) 384-2411
4044021;526 9TH AVENUE SW;(306) 693-6577
4044023;1230 9TH AVENUE NW;(306) 694-4330
4044024;402 3RD AVENUE NORTH;(306) 665-9060
4044025;101 3929 8TH STREET EAST;(306) 955-0911
4044031;708 CENTRAL AVE;(306) 955-5666
4044034;103 RUTH STREET EAST;(306) 242-5515
4044036;1010 TAYLOR STREET EAST Unit 9;(306) 343-8388
4044037;2108 ALBERT STREET;(306) 347-7866
4044044;3730 DIEFENBAKER DRIVE;(306) 384-6211
4044045;4310 KENDERDINE ROAD;(306) 249-2777
4044046;430 RUSSELL ROAD;(306) 668-6822
4044049;1101 KRAMER BLVD.;(306) 586-4044
4044051;1202 MAIN STREET NORTH;(306) 692-3680
4044052;#1 CAMPUS DRIVE U OF SASK.;(306) 242-2477
4044053;208 Saskatchewan AVENUE;(306) 752-2358
4044054;60 GOVERNMENT ROAD SOUTH;(306) 842-2946
4044055;140 SMITH STREET EAST;(306) 782-0815
4044056;102 HAMPTON CIRCLE UNIT 10;(306) 242-6650
4044057;902 - 11th Ave. West B-96;(306) 463-1310
6000101;1845 Boulevard Saint-Elzèar O;(450) 688-2136
6000103;620 Boulevard de la Concorde O;(450) 967-0712
6000106;225 Boulevard Cure-Labelle;(450) 625-2149
6000107;2050 Boulevard René-Laennec;(450) 629-8197
6000109;855 Boulevard Vanier;(450) 664-1011
6000110;804 Boulevard des Laurentides;(450) 669-4336
6000111;3395 Boulevard Dagenais O;(450) 625-1091
6000113;2305 Boul Industriel;(450) 667-1072
6000115;7255 Boulevard des Laurentides;(450) 625-5316
6000116;125 Boulevard J. S. Archambault;(450) 492-1275
6000120;2337 Chemin Gascon;(450) 471-3553
6000122;119 Chemin de la Grande-Côte;(450) 437-3570
6000123;505 Chemin de la Grande-Côte;(450) 472-7560
6000124;1109 Montée Masson;(450) 474-5596
6000126;1020 Rue Principale;(450) 375-4377
6000129;3800 Boulevard Dagenais O;(450) 963-9486
6000130;1119 Boulevard Lesage;(450) 661-5888
6000131;4655 Boulevard des Laurentides;(450) 667-2253
6000132;2100 Boulevard Curé-Labelle;(450) 687-5257
6000133;3150 Boulevard Cartier O;(450) 688-1184
6000134;260 Boulevard de la Concorde E;(450) 663-1801
6000136;1300 Boulevard de la Concorde O;(450) 663-5371
6000140;45 Boulevard Saint-Elzéar O;(450) 975-4912
6000141;550 Boulevard Cure-Labelle;(450) 628-1121
6000142;5795 Boulevard des Laurentides;(450) 963-1227
6000144;258 Boulevard Sainte-Rose;(450) 625-3260
6000145;324 Rue Renaud O;(450) 667-2636
6000146;800 Boulevard Chomedey;(450) 682-6070
6000147;1495 Grande Allée;(450) 492-5922
6000148;4001 Boulevard Dagenais O;(450) 625-8597
6000150;603 Boulevard Curé-Labelle;(450) 435-0399
6000151;990 Montée Masson;(450) 471-2197
6000152;1323 Boulevard des Seigneurs;(450) 471-5312
6000155;285 Côte de Terrebonne;(450) 621-3896
6000156;207 Boulevard Industriel;(450) 472-6601
6000159;1000 GRANDE ALLEE;(450) 435-5532
6000160;200 Boulevard de l'Ange-Gardien;(450) 589-5990
6000161;2700 Boulevard des Promenades;(450) 623-5152
6000163;350 Montée Lesage;(450) 965-9113
6000171;2 Boulevard des Entreprises;(450) 430-5229
6000173;1059 Boulevard Curé-Labelle;(450) 435-9898
6000178;251 25e Avenue;(450) 472-8150
6000179;398 Boulevard Curé-Labelle;(450) 430-6570
6000181;711 Rue Saint Étienne;(450) 589-7536
6000183;1190 Boulevard Iberville;(450) 582-7416
6000184;1050 Boulevard des Seigneurs;(450) 471-4989
6000185;288 Rue Valmont;(450) 582-7530
6000186;8050 avenue Marcel-Villeneuve;(450) 665-4367
6000190;4980 Boul Bourque;(819) 564-8475
6000192;1170 Autoroute 13;(450) 689-9695
6000193;2615, boul. du Royaume;(418) 548-4535
6000195;4207 Rue Bernard-Pilon;(450) 446-4110
6000198;3093 Chemin Ste Marie;(450) 474-7011
6000199;380 Montée Dumais;(450) 492-7030
6000201;19795 Ch Ste-Marie;(514) 630-6055
6000203;4460 Rue de Verdun;(514) 761-1617
6000204;1409 Avenue Van Horne;(514) 270-6499
6000206;800 Rue du Square-Victoria;(514) 879-1242
6000208;2555 Rue Provost;(514) 637-1042
6000213;585 Route de la Cité des Jeunes;(450) 455-2333
6000215;56 Rue Sainte-Anne;(514) 457-3520
6000217;350 Rue Notre-Dame Ouest;(514) 282-4952
6000219;1856 Boulevard des Sources;(514) 695-0232
6000220;179 Boul Hymus;(514) 694-7313
6000221;475 Avenue Dumont;(514) 633-8616
6000222;8051 Rue George;(514) 367-0974
6000223;5107 Chemin Queen Mary;(514) 731-4746
6000225;3980 Rue Wellington;(514) 766-4098
6000230;6500 Boulevard Monk;(514) 765-3464
6000241;4930 Boulevard Saint-Charles;(514) 620-0480
6000245;6215 Boul Henri-Bourassa O;(514) 337-5579
6000250;2375 Rue Notre-Dame Ouest;(514) 933-3796
6000251;5673 Rue de Verdun;(514) 766-8993
6000253;915, boul. Thibeau;(819) 373-3428
6000254;4700 Boulevard des Sources;(514) 683-7184
6000256;50 Boul Don-Quichotte;(514) 453-0754
6000260;1375 Chemin Canora;(514) 737-0600
6000263;1640 Av Dollard;(514) 366-7413
6000264;115 Boulevard Cardinal Léger;(514) 453-3522
6000265;2460 Chemin Rockland;(514) 341-4406
6000268;5700 Côte Saint Luc Rd;(514) 484-2826
6000269;685 32e Avenue;(514) 634-1708
6000273;5195 Rue de Salaberry;(514) 337-3238
6000274;6240 Avenue Somerled;(514) 482-1204
6000275;2525 Rue Allard;(514) 768-9095
6000276;9301 Boulevard LaSalle;(514) 363-1071
6000278;4061 Boul Saint-Jean;(514) 620-1909
6000281;5405 Côte-des-Neiges Rd;(514) 739-8444
6000284;459 Boulevard Beaconsfield;(514) 695-7345
6000289;433 Avenue Saint-Charles;(450) 455-5808
6000291;551 Boulevard Jacques-Bizard;(514) 620-7611
6000298;270 Rue Elgar;(514) 768-1851
6000300;1500, avenue de Grand-Mère;(819) 533-4777
6000301;500 Rue Fleury E;(514) 389-0357
6000302;8270 Boulevard Maurice-Duplessis;(514) 648-8957
6000303;5755 Rue Sherbrooke E;(514) 255-5535
6000305;8550 Rue Hochelaga;(514) 351-3161
6000312;8545 Boulevard Saint-Michel;(514) 729-1433
6000313;12745 Rue Notre-Dame Est;(514) 640-1205
6000314;1420 LEGENDRE SUITE 5;(514) 388-3096
6000319;2050 Avenue Laurier E;(514) 523-4559
6000321;3000 Rue Masson;(514) 374-2158
6000322;6386 Rue Sherbrooke E;(514) 255-5071
6000324;2010 Rue Beaubien E;(514) 725-9655
6000326;1520 Boul Henri-Bourassa O;(514) 333-7495
6000327;13600 Rue Sherbrooke E;(514) 644-9790
6000329;8155 Rue Notre-Dame Est;(514) 355-9387
6000332;8200 Boul Métropolitain;(514) 353-6512
6000341;8755 Boulevard Pie-IX;(514) 722-1016
6000345;6331 Boul Henri-Bourassa E;(514) 321-7680
6000346;1050 Avenue du Mont-Royal E;(514) 522-0756
6000351;6760 Boulevard Joseph-Renaud;(514) 354-0040
6000354;3585 Rue Hochelaga;(514) 525-1182
6000356;10450 Boulevard Perras;(514) 881-8467
6000357;1223 Rue Sainte-Catherine E;(514) 526-3538
6000359;1763 boulevard Hubert-Biermans;(819) 539-7083
6000362;1 Boulevard Rene-Levesque E;(514) 871-3886
6000364;700 Rue Galt O;(819) 565-1533
6000365;4500 Rue Beaubien E;(514) 729-5696
6000366;8661 Avenue Chaumont;(514) 353-1007
6000368;3875 Rue Masson;(514) 727-8171
6000369;800 Rue Sauvé E;(514) 381-6024
6000370;5959 Boulevard Robert;(514) 321-6717
6000373;1555 Rue Saint-Denis;(514) 848-9871
6000376;3246 Rue Bélanger;(514) 728-8227
6000377;9155 Boulevard Viau;(514) 321-8217
6000378;888 Boulevard de Maisonneuve O;(514) 285-5608
6000382;165 Boulevard Omer-Marcil;(450) 349-9881
6000385;7700 Boulevard Roi-René;(514) 355-6473
6000386;7151 Rue Jarry E;(514) 356-2452
6000390;6181 Boulevard Leger;(514) 324-1560
6000392;4910 Boul St-Laurent;(514) 284-3146
6000397;8950 Rue Sherbrooke E;(514) 353-0681
6000398;159 Rue Saint-Antoine O;(514) 866-0675
6000406;90 Rue Quevillon;(450) 652-5108
6000408;1756 Boulevard Marie-Victorin;(450) 677-2711
6000409;1220 Boulevard de Montarville;(450) 449-2357
6000415;2450 Boulevard du Millénaire;(450) 653-7451
6000416;16660 Avenue Saint-Louis;(450) 773-1616
6000417;2900 Rue de Lyon;(450) 670-6610
6000418;468 Boulevard Cure-Poirier O;(450) 677-2742
6000419;1135 Boulevard Monseigneur-Langlois;(450) 373-1489
6000420;1400 Boulevard Edouard;(450) 443-2932
6000426;53 Rue Ellice;(450) 429-7171
6000427;3767 Grande Allée;(450) 676-6861
6000430;125 Boulevard Maple;(450) 691-1162
6000431;AMT;(450) 679-4352
6000432;3990 Chemin de Chambly;(450) 656-5721
6000433;5540 ROUTE 132;(450) 638-4078
6000435;120 Boulevard du Séminaire N;(450) 346-4466
6000436;511 Chemin Ozias-Leduc;(450) 464-4701
6000437;71 Rue St Pierre;(450) 638-0290
6000438;930 Boulevard de Périgny;(450) 658-6315
6000439;20 Boulevard Marie-Victorin;(450) 632-4781
6000440;187 Boul Sir-Wilfrid-Laurier;(450) 653-4581
6000441;53 Boulevard D'Anjou;(450) 692-2243
6000444;4900 Grande Allée;(450) 676-2344
6000445;2292 Rte Marie-Victorin;(450) 652-6148
6000446;200 Boulevard Fiset;(450) 742-4927
6000448;1720 Boulevard Jacques-Cartier E;(450) 468-4174
6000450;105 Boulevard Monchamp;(450) 635-3251
6000452;110 Rue Principale;(450) 691-0989
6000455;1101 Boulevard Brassard;(450) 447-5331
6000456;298 Chemin Larocque;(450) 371-1412
6000458;4700 Boulevard Laurier O;(450) 771-9893
6000462;1049 Rue Saint-Jean-Baptiste;(450) 467-8039
6000463;32 RUE CHATEAUGUAY;(450) 264-6810
6000464;227 Boulevard Maple;(450) 691-5446
6000466;227 Boulevard Saint-Jean-Baptiste;(450) 691-1953
6000468;530 Boulevard Casavant O;(450) 773-6999
6000471;1230 Boulevard Cure-Poirier O;(450) 463-3190
6000475;182 Boulevard Saint-Joseph;(450) 691-0881
6000476;6060 Chemin de Chambly;(450) 678-5876
6000478;4960 Montee Saint-Hubert;(450) 678-7037
6000481;2780 Boulevard Roland-Therrien;(450) 647-4888
6000484;520 Boulevard Clairevue O;(450) 653-5588
6000485;65 Rue de l'Aqueduc;(450) 652-9703
6000486;710 Boulevard Marie-Victorin;(450) 641-2101
6000487;940 Boulevard du Séminaire N;(450) 348-9171
6000488;2675 Avenue Sainte-Anne;(450) 773-5172
6000489;2490 Boulevard Saint-Louis;(450) 743-0600
6000491;290 Chemin du Grand Bernier N;(450) 358-2233
6000492;1804 Boulevard Marie-Victorin;(450) 928-2583
6000494;7161 Boulevard Cousineau;(450) 443-6101
6000500;6480, boul. De l'Ormière;(418) 871-3362
6000501;4694, route de Fossambault;(418) 875-4724
6000502;14045, boul. Henri-Bourassa;(418) 628-6417
6000503;1015, boul. Du Lac;(418) 849-5052
6000504;2845, boul. Père-Lelièvre;(418) 687-0480
6000505;1241, autoroute Duplessis;(418) 871-7361
6000507;960, route des Roches;(418) 862-8108
6000508;158, route Marie-Victorin;(418) 831-7443
6000509;11 498, Valcartier;(418) 845-1362
6000511;1805, 1re Avenue;(418) 525-6744
6000513;1305, boul. Pie XI Nord;(418) 843-5766
6000514;8025, boul. Guillaume-Couture;(418) 837-7636
6000515;1435, rue de la Faune;(418) 843-6106
6000518;470, avenue St-Sacrement;(418) 688-3356
6000519;545, 76e Rue Ouest;(418) 624-0667
6000520;1790, boul. Dionne;(418) 227-5513
6000521;4195, boul. Frontenac Ouest;(418) 423-4984
6000522;391, boul. de la Grande Baie;(418) 544-8989
6000524;505, boul. Frontenac Ouest;(418) 338-9207
6000525;8025, avenue Des Églises;(418) 832-9434
6000527;2900, boul. Lebourgneuf;(418) 842-2581
6000535;41, rue Valvue;(418) 843-5011
6000536;2567, avenue Royale;(418) 667-9922
6000539;3945, boulevard Wilfrid-Hamel;(418) 872-4873
6000541;3056, chemin Ste-Foy;(418) 653-7691
6000543;5410, boul. Chauveau O.;(418) 871-9369
6000544;2155, chemin Ste-Foy;(418) 683-9705
6000545;333, rue Jacques-Parizeau, Suite 100;(418) 523-1169
6000547;515, boulevard Alphonse-Desjardins;(418) 837-2221
6000548;1970, avenue Chauveau;(418) 842-7015
6000549;70, route Du Président-Kennedy;(418) 833-1211
6000551;4660, 1re Avenue;(418) 626-0333
6000553;527, boulevard Louis-XIV;(418) 627-3907
6000554;610, boul. Pierre-Bertrand;(418) 681-5244
6000555;952, avenue Taniata;(418) 839-0780
6000556;71, avenue Des Cascades;(418) 663-1022
6000557;7500, boul. Guillaume-Couture;(418) 833-6767
6000558;3190, rue Alexandra;(418) 663-3024
6000559;2035, boul. Guillaume-Couture;(418) 839-8717
6000560;2438, boulevard Louis-XIV;(418) 663-3537
6000562;4000, avenue Des Chutes;(418) 832-0281
6000563;1601, avenue Industrielle;(418) 843-4778
6000564;2800, avenue Champfleury;(418) 663-7886
6000566;200, boul. Vachon Nord;(418) 387-7465
6000567;11005, boulevard Ste-Anne;(418) 827-5336
6000568;1255 Rue Notre-Dame Ouest;(514) 938-4427
6000571;4750, 3e Avenue Ouest;(418) 626-1749
6000574;3240, 1re Avenue;(418) 623-3152
6000575;4660, avenue De Gaulle;(418) 626-1929
6000577;475, Ch. Vire-Crêpes;(418) 831-6856
6000578;199, boul. des Bois-Franc Sud;(819) 758-1212
6000580;260, rue Notre-Dame Ouest;(819) 758-4848
6000581;183, boul. Baril Est;(819) 364-5326
6000582;775, Notre-Dame Ouest;(819) 758-9471
6000583;750, boul. Charest Ouest;(418) 681-9262
6000584;1655, avenue D'Estimauville;(418) 667-3340
6000585;3652, De L'Hétrière;(418) 871-2628
6000586;9687, boul. Ste-Anne;(418) 827-5169
6000587;222, rue Seigneuriale;(418) 663-9436
6000588;490, boul. Raymond;(418) 661-7035
6000589;5550, boul. Ste-Anne;(418) 822-0827
6000590;665, avenue Taniata;(418) 839-3191
6000592;580, route du Président-Kennedy;(418) 837-4794
6000593;2201, Route des Rivières;(418) 831-0625
6000595;20, boul. Taché Est;(418) 248-7892
6000597;470, route 273;(418) 881-3552
6000598;1375, boul. Des Chutes;(418) 661-8609
6000600;730 Boulevard du Mont-Royal;(819) 243-7686
6000601;882 Boulevard Saint-René O;(819) 243-5340
6000602;245 Rue de Cannes;(819) 243-3481
6000604;585 Boul des Grives;(819) 775-9830
6000605;790 Boulevard Wilfrid-Lavigne;(819) 684-5842
6000608;4 Rue d'Orléans;(819) 568-4660
6000609;35 Rue Du Barry;(819) 568-8446
6000610;51 Boulevard Fournier;(819) 776-5132
6000612;9 Rue Daniel-Johnson;(819) 777-7227
6000614;1225 Rue de Neuville;(819) 281-5344
6000616;265 Boulevard Saint-Raymond;(819) 776-6653
6000624;348 Boulevard Lorrain;(819) 643-3257
6000625;725 Boulevard des Hautes-Plaines;(819) 771-0013
6000626;630 Boulevard Labrosse;(819) 643-1218
6000627;725 Rue Davidson O;(819) 669-5676
6000632;2707 Rue de Salaberry;(514) 331-2330
6000635;15 Rue Eddy;(819) 776-3663
6000647;2260 Rue Schulz;(450) 431-8721
6000650;784 Rue de la Station;(450) 224-2666
6000651;2400 Boulevard Ste Sophie;(450) 432-6262
6000652;145 Rue Principale E;(819) 326-1015
6000653;723 DU VILLAGE CP 390;(450) 226-1211
6000654;401 Rue Saint Georges;(450) 438-6262
6000656;1030 Avenue Gilles Villeneuve;(450) 836-1161
6000657;760 rue Bélanger;(450) 432-8615
6000659;520 36e Avenue;(450) 438-5529
6000666;419 Rue Principale;(450) 562-3613
6000668;1892 avenue de la Madawaska;(418) 853-3957
6000669;1365 ROUTE 125;(450) 831-2887
6000670;105 Rue Visitation;(450) 756-6626
6000671;955 Boulevard de Sainte-Adèle;(450) 229-4746
6000676;10 Boulevard de la Salette;(450) 438-4285
6000679;2903 Boulevard du Curé Labelle;(450) 224-5511
6000696;501 Rue de Lanaudière;(450) 756-4134
6000703;1838 Rue Galt E;(819) 823-2286
6000706;1575 12e Avenue N;(819) 820-0858
6000707;825 Rue Maisonneuve;(450) 777-8025
6000708;705 Boulevard Jacques-Cartier N;(819) 822-4533
6000709;427 Rue de la Riviére LOCAL 1;(450) 263-0562
6000711;351 Rue Saint Charles S;(450) 378-1524
6000713;250 Rue Saint-Jude N;(450) 375-9704
6000720;1100 Rang Saint-François;(450) 437-0164
6000722;2400 Boulevard Ste Sophie;418-663-7671
6000725;155 Montée Saint-Régis;(450) 635-5290
6000730;4475 Boul Bourque;(819) 564-1113
6000732;2558 Rue Galt O;(819) 562-3532
6000734;223 Rue Saint-Hubert;(450) 378-6085
6000735;991 Rue Sherbrooke;(819) 843-2416
6000736;2525 Rue King Ouest;(819) 564-7767
6000738;87 Rue Principale;(819) 849-3736
6000739;111 Rue Saint Charles S;(450) 776-6966
6000740;1780 Rue King E;(819) 564-0011
6000741;825 Rue des Quatre-Saisons;(819) 562-3944
6000742;3935 Rue King Ouest;(819) 562-5120
6000744;20 Rue Blainville O;(450) 971-1373
6000749;1285 Boulevard de Maisonneuve O;(514) 843-4458
6000800;3973, rue Trudel;(819) 539-1688
6000835;5850, boul. Jean XXIII;(819) 373-5620
6000850;1000, boul. Jean-de-Brebeuf;(819) 477-9441
6000851;2835, boulevard Lemire;(819) 474-3497
6000853;252 Chemin des Patriotes;(450) 746-9900
6000855;550, rue Laviolette;(819) 378-1822
6000858;555, Côte Richelieu;(819) 373-9782
6000862;3575, rue Papineau;(819) 374-4737
6000864;7710, rue Notre-Dame Ouest;(819) 377-2576
6000865;690, boulevard St-Joseph;(819) 477-0490
6000867;2255, 105e Avenue;(819) 536-3746
6000868;800, avenue de Grand-Mère;(819) 533-5565
6000869;530, rue Barkoff;(819) 371-2742
6000877;365, boulevard du St-Maurice;(819) 379-2999
6000900;2484, rue St-Hubert;(418) 547-2663
6000901;490, boulevard St-Jude;(418) 662-7590
6000902;2082, rue Roussel;(418) 543-0694
6000903;2005, boulevard Mellon;(418) 548-4727
6000904;404, avenue Du Pont Nord;(418) 662-2743
6000906;2600, rue St-Hubert;(418) 542-8449
6000907;1335, boulevard du Sacré-Cœur;(418) 679-4115
6000908;1721, boulevard Wallberg;(418) 276-2775
6000910;4024, boulevard Du Royaume;(418) 542-8951
6000913;721, boulevard Marcotte;(418) 275-4407
6000917;1579, boul. de Tadoussac;(418) 543-1343
6000918;1778, rue Principale;(418) 342-8230
6000919;912, boul. Marcotte;(418) 275-1497
6000920;355, boulevard Jessop;(418) 723-5530
6000922;521, avenue Du Phare Est;(418) 562-4085
6000923;5, boul. Ste-Anne O.;(418) 763-5363
6000925;511, boul. Perron;(418) 759-3455
6000926;41, boul. Gérard-D-Lévesque O. Cp 817;(418) 752-6987
6000927;102, av. de Port-Royal;(418) 534-5545
6000930;1066, boulevard Monseigneur-de Laval;(418) 435-5161
6000931;330, boul. De Comporté;(418) 665-6931
6000932;83, boulevard Notre-Dame;(418) 439-3404
6000933;31, York Est;(418) 368-7032
6000934;519, René-Lévesque O.;(418) 689-6081
6000936;3754, boul. Du Royaume;(418) 547-9292
6000938;489, rue Principale;(418) 251-5182
6000939;2222, boul. Walberg;(418) 276-8672
6000940;1042, boul. Ducharme;(819) 523-6550
6000942;3635, boul. Du Royaume;(418) 695-6126
6000943;4505, Sortie 185;(819) 397-4556
6000947;193, boulevard La Salle;(418) 296-3252
6000948;2929, boulevard Laflèche;(418) 589-2420
6000949;24, route 138;(418) 587-2098
6000950;446, rue Lafontaine;(418) 862-1108
6000951;40, rue De Quen;(418) 276-3452
6000952;14, route 138, C.P. 1258;(418) 587-2842
6000953;196, boulevard de l'Hôtel-De-Ville;(418) 867-4491
6000956;1542, rue Bagot;(418) 544-7690
6000957;344, boulevard La Salle;(418) 296-2099
6000958;56, boulevard du Portage-Des-Mousses;(418) 766-8989
6000959;2121, boulevard Laure;(418) 962-5737
6000960;1200, boul. Bélanger;(418) 589-5243
6000961;60, route 138;(418) 766-5211
6000962;646, boul. Laure;(418) 968-9484
6000963;1114, boul. Laure;(418) 962-0614
6000965;2499, chemin Ste-Foy;(418) 651-6411
6000969;605, boulevard Thibault;(819) 376-0993
6000975;20, rue de Toulon;(418) 878-0199
6000981;1555 Boulevard de Montarville;(450) 645-9847
6000983;620 Avenue Atwater;(514) 931-5648
6000986;960 Rue Le Corbusier;(450) 776-7925
6001001;89 Rue Queen;(819) 821-4777
6001002;1455, boul. Talbot;(418) 696-2766
6001004;28 Rue Principale N;(450) 538-0784
6001008;7721 Boulevard Taschereau;(450) 462-8562
6001011;2079 Boulevard des Seigneurs Local B;(450) 471-0027
6001013;101 ROUTE 235;(450) 293-1064
6001016;609, boul. Vachon sud;(418) 387-6167
6001017;476 Rue Graveline;(819) 643-2191
6001019;2520 Rue Marie-Anne;(514) 528-6775
6001020;334 Rue Champlain;(450) 348-8514
6001021;733 Boulevard Sir-Wilfrid-Laurier;(450) 464-9446
6001023;300 Rue Brignon;(450) 777-5500
6001025;1000, boulevard Wilfrid-Hamel;(418) 681-0516
6001026;545 Rue Lucien-Paiement Local 1;(450) 688-9472
6001028;40 Boulevard des Laurentides;(450) 629-2632
6001031;1000 Boulevard Curé-Labelle;(450) 435-1100
6001032;141 Boulevard Leclerc E;(450) 375-1166
6001033;101 Rue Georges;(819) 986-2767
6001035;200 Rue Serge-Pepin;(450) 464-5094
6001039;511 Rue A.-Gibeault;(819) 663-8166
6001042;175 Avenue Lépine;(819) 281-0267
6001043;1050 Autoroute des Laurentides;(450) 224-2951
6001044;420 Chemin J.-René-Gauthier;(450) 451-1254
6001045;100 Autoroute 20;(450) 269-2966
6001046;2911 Chemin Milletta Local 190;(819) 847-3072
6001047;1035 route 243 LOCAL 190;(819) 826-2151
6001048;554 Rue Denison E;(450) 361-1594
6001051;1545 Boulevard Maloney E;(819) 643-3440
6001053;5000, rue Girardin;(819) 478-8168
6001055;495, rue Laurier, Sortie 291;(418) 881-2001
6001057;2115, rue Canadien;(819) 475-2239
6001061;577 Rue Saint-Hubert;(450) 361-3023
6001062;1607, avenue du Marais Ombragé;(819) 479-7782
6001063;3 Chemin de Fairfax;(819) 876-7624
6001064;4014, boul. St-Joseph;(819) 478-9186
6001065;3000 Rte Marie Victorin;(450) 743-3310
6001066;2010, rue St-Pierre;(819) 477-7044
6001067;25, rue des Pins;(418) 286-4164
6001073;4600 Autoroute 440;(450) 686-6898
6001074;99 Av Elm;(514) 697-6961
6001076;10001 Boulevard Louis-H. La Fontaine;(514) 353-5324
6001077;2017 Route 112;(450) 469-1717
6001078;1402 Chemin des Patriotes;(450) 447-6759
6001079;802 Boulevard Arthur-Sauvé;(450) 974-3312
6001082;123, boul. Laurier;(418) 728-1282
6001083;994 Rue Saint-Isidore;(450) 439-6109
6001084;895 Rue De La Gauchetière O;(514) 393-3186
6001085;161, autoroute 40 Est, Local 9;(819) 227-1069
6001086;1399 avenue Du Phare Ouest;(418) 562-0084
6001087;3475, boul. Ste-Anne;(418) 660-3107
6001088;508 Boulevard Ste Anne;(450) 478-2618
6001089;676 Boulevard Saint-Jean-Baptiste;(450) 691-2161
6001090;800, avenue Taniata;(418) 834-7982
6001093;11755, boul. Lacroix;(418) 228-1893
6001094;3865 Boulevard des Sources;(514) 684-6149
6001095;180, rue du Moulin, local 130;(819) 399-3111
6001096;101 Montée Montarville;(450) 653-7189
6001098;480 Boulevard Saint-Joseph;(819) 777-4793
6001099;395 Rue des Érables;(450) 373-2859
6001102;731, boulevard St-Laurent Ouest;(819) 228-5892
6001104;2991 Rue Brodeur O;(450) 375-4854
6001106;875 Rue King E;(819) 346-9953
6001108;199, rue Fusey;(819) 376-3898
6001109;990 Montée Ste Julie;(450) 922-1922
6001110;2630 Rue Principale;(450) 922-9449
6001111;76 Chemin des Patriotes E;(450) 357-9736
6001112;2A ROUTE 249;(819) 845-1121
6001115;9225 Boulevard de St Canut;(450) 432-2592
6001116;1145, rang St-Édouard;(450) 793-2335
6001117;1349 route 117;(819) 322-5327
6001118;5715, Route 335;(450) 222-5638
6001120;10735 Boul Henri-Bourassa E;(514) 643-3161
6001121;1045, rue Hains;(819) 477-5157
6001122;1275 Boulevard Alexis-Nihon;(514) 856-2601
6001123;10 048, boul. de l'Ormière;(418) 843-9775
6001124;4289 Chemin d'Oka;(450) 491-0887
6001126;2933 Boulevard de la Gare;(450) 424-0626
6001128;292 Rue Main E;(819) 849-2826
6001129;9, rue des Roses;(819) 752-6887
6001130;446 Avenue Béthany;(450) 562-6365
6001132;1535 Boulevard Saint-Antoine;(450) 438-7417
6001133;855, route Marie-Victorin;(418) 836-3985
6001134;720 Boulevard de la Salette;(450) 438-4952
6001137;495 Chemin Vanier;(819) 684-8581
6001138;2210 Avenue du Marche;(450) 439-6182
6001141;1781 rue du Marais;(418) 682-6677
6001143;380 boul Thibeau;(819) 376-6265
6001144;3170 Boulevard Monseigneur-Langlois;(450) 373-4359
6001146;662, route Bégin;(418) 885-9476
6001147;3217 1 Avenue;(450) 834-7140
6001149;8855 Rue Saint-Jacques;(450) 475-1001
6001150;6270 Boulevard Louis-H. La Fontaine;(514) 493-7760
6001151;4085 Rue Bélanger;(514) 727-1465
6001152;5800 Ave Christophe-Colomb;(514) 270-3556
6001154;790 Boul Crémazie E;(514) 389-1155
6001155;115 Boulevard Crémazie O;(514) 388-1470
6001156;2155 Boul. de Maisonneuve E;(514) 521-4535
6001157;11300 Boulevard Lacordaire;(514) 321-0702
6001158;4225 Rue Jarry E;514-374-8443
6001159;9255 Boulevard de l'Acadie;(514) 385-5559
6001160;7635 Boulevard Lacordaire;(514) 259-1556
6001161;9600 Boulevard Maurice-Duplessis;(514) 881-1973
6001162;950 Boulevard Marcel-Laurin;(514) 332-3393
6001163;10 Avenue Sainte-Croix;(514) 744-6942
6001164;5945 Rue Notre-Dame Est;(514) 256-8011
6001165;2010 Avenue Papineau;(514) 527-1523
6001166;9777 Avenue Papineau;(514) 383-4440
6001167;10433 Boulevard Pie-IX;(514) 329-1786
6001168;2495 Chemin Rockland;(514) 731-2379
6001169;2488 Boulevard Rosemont;(514) 270-7476
6001170;3881 Rue Sherbrooke E;(514) 259-9221
6001171;6860 Rue Sherbrooke E;(514) 259-4162
6001172;12044 Rue Sherbrooke E;(514) 640-1540
6001173;3440 Boul St-Laurent;(514) 285-1047
6001174;4110 Rue Sainte-Catherine E;(514) 521-1019
6001175;5405 Decarie Blvd;(514) 487-8000
6001176;3 Boulevard Monchamp;(450) 635-4929
6001177;5005 Boulevard Cousineau;(450) 462-2307
6001178;700 Avenue Atwater;(514) 846-0176
6001180;7305 Grande Allée;(450) 678-4106
6001181;2955 Chemin de Chambly;(450) 674-1477
6001182;6500 Côte Saint Luc Rd;(514) 487-7519
6001183;1911 Chemin du Fer-è-Cheval;(450) 922-0802
6001185;1390 De l'église Ave;(514) 769-6634
6001186;5500 Boulevard Décarie;(514) 738-3776
6001187;2160 Boulevard Décarie;(514) 484-2255
6001188;395 Avenue Dorval;(514) 556-3003
6001189;875 Boulevard de Périgny;(450) 447-3203
6001190;22 Place du Commerce;(514) 769-9503
6001191;310 Boulevard Roland-Therrien;(450) 442-0788
6001192;4780 RUE SHERBROOKE O;(514) 933-8556
6001193;1361 Rue Charlevoix;(514) 935-6902
6001194;7500 Boulevard Taschereau;(450) 923-0300
6001195;3351 Boulevard Taschereau;(450) 462-2044
6001196;6598 Boulevard Taschereau;(450) 671-0144
6001197;1515 Boulevard Taschereau;(450) 646-5353
6001198;390 Boulevard Sir-Wilfrid-Laurier;(450) 465-2508
6001199;1221 Rue Nobel;(450) 655-8946
6001201;1095 Rue de la Visitation;(450) 752-4237
6001202;49 Boulevard Saint-Rémi;(450) 454-2892
6001203;35, boulevard Arthabaska Est;(819) 752-3140
6001204;2836, route Lagueux;(581) 502-9876
6001205;1931, boulevard St-Paul;(418) 690-0296
6001207;8175 Boulevard Cousineau;(450) 445-7585
6001208;505, rue Sainte-Catherine Est Local CC-730;(514) 844-5065
6001209;2580, rue Centre;(514) 933-3078
6001210;372 Boulevard Adolphe-Chapleau;(450) 621-8993
6001211;98 Boulevard de Mortagne;(450) 655-1930
6001212;22 Boulevard de Bromont;(450) 534-4296
6001213;2510 Boulevard Lapinière;(450) 462-9488
6001214;8075 Boulevard du Quartier;(450) 443-0576
6001215;5699 Grande Allée;(450) 445-6683
6001216;7825 Boulevard Marie-Victorin;(450) 671-6829
6001217;6025 Boulevard Marie-Victorin;(450) 671-6212
6001218;85 Boulevard Taschereau;(450) 659-5927
6001219;125 Boulevard Celine-Dion;(450) 582-8444
6001220;28 Boulevard Saint-Jean-Baptiste;(450) 699-0171
6001221;6550, boulevard Wilfrid-Hamel;(418) 871-9417
6001222;4090 Boulevard des Sources;(514) 684-2648
6001223;4032 Boul Saint-Jean;(514) 626-4833
6001224;209 Chemin d'Aylmer;(819) 684-0080
6001225;320 Boulevard Gréber;(819) 561-0905
6001226;873 Boulevard Maloney E;(819) 669-1708
6001227;410 Boulevard Maloney E;(819) 669-1819
6001228;190 Rue Saint-Rédempteur;(819) 771-9797
6001229;1015 Rue Papineau;(450) 753-4231
6001230;3671 Boulevard Saint-Charles;(514) 697-0666
6001231;497 Boul des Prairies;(450) 688-7339
6001232;240 Boulevard de la Concorde E;(450) 972-1482
6001233;4575 Autoroute Jean-Noël-Lavoie;(450) 973-9916
6001234;5220 Boul Notre-Dame;(450) 973-3604
6001235;6400 Boulevard des Laurentides;(450) 963-0244
6001236;5047 Boulevard Samson;(450) 682-1921
6001237;305 Boulevard de la Concorde O;(450) 669-5169
6001238;406 Boulevard Cartier O;(450) 973-5191
6001239;185 Boulevard des Laurentides;(450) 629-5020
6001240;1375 Boulevard Roland-Therrien;(450) 463-3200
6001241;2995 Blvd Gaétan-Boucher;(450) 678-1407
6001242;275 Montée Masson;(450) 474-8193
6001243;970 Rue Bernard-Pilon;(450) 464-0571
6001244;8990 Boulevard de la Grande-Allée;(450) 434-4824
6001245;853 Boulevard Albiny Paquette;(819) 623-3054
6001246;11950 Rue Lachapelle;(514) 745-5418
6001247;5355 Avenue Papineau;(514) 598-9608
6001248;8015 Boul Henri-Bourassa E;(514) 494-6467
6001249;13685 Boul Henri-Bourassa E;(514) 642-5991
6001250;915 Rue Ontario E;(514) 524-9807
6001251;6685 Rue Hochelaga;(514) 251-2221
6001252;9255 Boul St-Laurent;(514) 388-5974
6001253;5620 Chemin de la Côte-Saint-Luc;(514) 369-8941
6001254;8732 Rue Sherbrooke E;(514) 355-8551
6001255;8067 Boul St-Laurent;(514) 381-8194
6001256;5110 Rue Saint-Denis;(514) 274-8742
6001257;6905 Rue Sherbrooke Ouest;(514) 486-6822
6001258;4680 Av du Parc;(514) 270-9011
6001259;180 Boulevard Crémazie O;(514) 388-1448
6001260;3221 Rue Jean-Talon;(514) 727-2357
6001261;10288 Avenue Papineau;(514) 387-7085
6001262;4971 Rue Beaubien E;(514) 376-1241
6001264;8265 Rue Hochelaga;(514) 493-0653
6001265;8425 Rue Notre-Dame Est;(514) 354-9326
6001266;1810, RUE ST-ZOTIQUE;(514) 727-2947
6001267;915 Rue Provost;(514) 639-6700
6001268;7067 Blvd. Newman;(514) 363-5495
6001269;7888 Blvd. Newman;(514) 364-3393
6001270;10937 Rue Notre-Dame Est;(514) 645-5789
6001271;15200 Boul de Pierrefonds;(514) 626-6421
6001272;8380 Boul Langelier;(514) 327-2213
6001273;1170 Av de l'église;(514) 769-9416
6001274;301 Rue Saint-Jacques;(514) 363-6287
6001275;1012 Rue de Saint Jovite;(819) 681-7240
6001276;1757, ROUTE 117;(819) 425-6737
6001277;2141 Boulevard Barrette;(450) 756-6446
6001278;720 Chemin Jean-Adam;(450) 227-2359
6001279;597 Rue Dufferin;(450) 375-1732
6001280;291 Boulevard Larochelle;(450) 581-7250
6001281;5960, chemin de St-Élie;(819) 822-2886
6001282;2900 Boul de Portland;(819) 563-3085
6001283;121 Boulevard Fiset;(450) 742-9887
6001284;5787, ROUTE 117;(819) 321-2867
6001286;7 Chemin d'Oka;(450) 473-3220
6001287;1460 Boulevard Casavant E;(450) 778-9853
6001288;6210 Boulevard Laurier O;(450) 778-8998
6001289;2 Rue J. F. Kennedy;(450) 432-5825
6001290;188 rue Bélanger;(450) 432-1104
6001291;370 Boulevard des Laurentides;(450) 436-4749
6001292;295 Boulevard Simard;(450) 671-5560
6001293;2662 Chemin St Charles;(450) 458-7666
6001294;3000 Chemin Gascon;(450) 477-9410
6001295;1211 Boulevard des Seigneurs;(450) 964-0653
6001296;7260 Boulevard Laurier;(450) 838-8181
6001297;504 Avenue Saint-Charles;(450) 510-2020
6001298;700 Chemin Lucerne;(514) 344-5579
6001299;1165 Chemin Knowlton;(450) 263-9140
6001300;755, rue du Pont Sud;(418) 668-6628
6001301;205, route 138;(418) 285-2985
6001302;1940, boulevard Lemire;(819) 472-1470
6001303;1505, route des Rivières;(418) 831-0464
6001304;299, boulevard Baril Ouest;(819) 364-3366
6001305;223, rue Dorchester;(418) 648-1029
6001306;576, boulevard Wilfrid-Hamel;(418) 524-0303
6001307;490, boulevard de l'Atrium;(418) 627-1606
6001308;3525, chemin des Quatre-Bourgeois;(418) 658-1819
6001309;1240, Rue Charles-Albanel;(418) 877-0923
6001311;2625, B. de la Grande-Baie Sud;(418) 544-8020
6001312;8400, boulevard Lacroix;(418) 230-0174
6001313;345, côte Joyeuse;(418) 337-7256
6001314;3150, boulevard St-Jean;(819) 377-3939
6001315;334 Rue des érables;(450) 533-6116
6001316;595 Rue Principale;(450) 922-9863
6001317;765 Boulevard Saint-Jean-Baptiste;(450) 427-0147
6001318;14855 Chemin Dupuis;(450) 431-5965
6001319;2705 Avenue des Aristocrates;(450) 661-3892
6001321;1051 Boulevard Lorrain;(819) 669-4247
6001322;355, avenue Léonidas Sud;(418) 723-1991
6001338;585, rue Bégin;(418) 543-8771
6001345;432, boul. Jacques-Cartier;(418) 844-1821
6001346;225, Chemin de la Haute-Rivière suite 110;(450) 699-2741
6001348;1001, rue Sherbrooke Ouest, local 160;(514) 871-8509
6001349;2000 rue de l'éclipse, local 135;450-466-4638
6001350;514 rue Jarry Est;(514) 270-8901
6001351;3003, Rue du Plein-Air;(418) 690-5698
6001352;600, Jean-Talon est;(514) 276-6621
6001353;440, Mont-Royal Est;(514) 849-1842
6001354;355, rue Sherbrooke Ouest;(514) 286-7511
6001355;1420, chemin des Navigateurs;819-801-1152
6001356;1 Mont Royal Ouest;(514) 985-2002
6001358;480, boulevard St-Laurent;(514) 842-2282
6001359;6155 boul. Henri-Bourrassa Ouest;514-337-5024
6001361;499, rue de l'Industrie;
6002001;126 Main Street;(506) 523-6292
6002002;4515 rue Principale;(506) 525-9524
6002003;131 Boulevard Irving;(506) 743-6047
6002004;157 Roseberry Street;(506) 753-6714
6002006;173 Renfrew Street;(506) 684-3606
6002007;181 King Street;(506) 458-9690
6002008;536 Riverside Drive;(506) 459-5253
6002009;510 New Maryland Hwy;(506) 459-7880
6002010;253 Canada Street;(506) 472-6080
6002011;95 Main Street;(506) 458-5645
6002012;415 Nevers Road;(506) 446-4444
6002013;1169 Regent Street;(506) 458-9996
6002014;121 Route 255 P.O.BOX 7924;(506) 475-7801
6002015;1515 Mountain Road;(506) 852-7317
6002016;2986 Fredericton Road;(506) 372-3333
6002017;301 Elmwood Drive;(506) 856-7805
6002018;1528 Champlain Street;(506) 856-5998
6002019;64 Champlain Street;(506) 855-6820
6002020;650 St-George Boulevard;(506) 854-8712
6002021;414 Coverdale Road;(506) 387-4063
6002022;312 Amirault Street;(506) 855-8685
6002023;100 Main Street;(506) 843-7761
6002024;186 King Street;(506) 773-5515
6002025;160 Jane Street;(506) 622-2345
6002026;16 Smith Street;(506) 756-2567
6002027;211 Main Street;(506) 364-4388
6002028;1700 Rothesay Road;(506) 847-4110
6002029;2870 Route 1;(506) 847-2600
6002030;701 Millidge Avenue;(506) 634-8389
6002031;56 City Road;(506) 202-7197
6002032;309 River Valley Drive;(506) 738-3112
6002033;830 Loch Lomond Road;(506) 696-6732
6002034;632 Main Street;(506) 832-7000
6002035;783 Fairville Boulevard;(506) 672-9228
6002036;1233 Loch Lomond Road;(506) 696-2180
6002038;4 Marr Road;(506) 847-2027
6002039;2660 rue Acadie;(506) 577-4010
6002040;584 Main Street;(506) 532-3313
6002041;653 Main Street;(506) 433-2531
6002042;11 Route 890;(506) 433-6322
6002043;82 Letete Road;(506) 755-1006
6002045;195 Broadway Street;(506) 328-3466
6002046;1669 Broad Road;(506) 486-2930
6002047;170 Aulac Road;(506) 536-1339
6002048;213 South Albion Street;(902) 667-0757
6002049;150 Victoria Road;(902) 634-3641
6002050;463 North Street;(902) 543-2447
6002051;2742, Highway 325;(902) 543-5804
6002052;510 route 303;(902) 245-4266
6002053;5210 St. Margaret's Bay Road;(902) 826-1924
6002054;2499 Robie Street;(902) 492-4711
6002055;503 Old Sambro Road;(902) 477-4167
6002056;2599 Rocky Lake Dr;(902) 860-0853
6002057;6515 Quinpool Road;(902) 492-2723
6002058;31 highway 1;(902) 866-1161
6002059;1075 St-Margarets Bay Road;(902) 876-7927
6002060;389 Bedford Hwy;(902) 445-5470
6002061;15 Fairfax Drive;(902) 445-0709
6002062;599 Prospect Road;(902) 876-7157
6002063;72 Cow Bay Road;(902) 494-5591
6002064;122 Kearney Lake Road;(902) 457-2210
6002065;2200 Hammonds Plains Rd;(902) 835-5200
6002066;626 Windmill Road;(902) 468-7755
6002067;857 Sackville Drive;9028654454
6002068;1207 Cole Harbour Road;(902) 494-5254
6002069;200 Waverley Road;(902) 494-5484
6002070;10095 Hwy 1;(902) 542-2722
6002071;5477 Prospect Road;(902) 681-0224
6002072;33 Edgewater Street;(902) 624-6311
6002073;169 Bristol Avenue;(902) 354-2048
6002074;13239 Highway104;(902) 747-3264
6002075;5197 East River Road;(902) 755-7534
6002076;2500 old Truro Hwy;(902) 396-3985
6002077;183 Commercial Street;(902) 794-8112
6002078;41 Falls Lane;(902) 875-3033
6002079;6757 Hwy 2;(902) 883-2522
6002080;565 George Street;(902) 564-6336
6002081;1948 Kings Road;(902) 564-0338
6002082;4602 Upper Main Street;(902) 447-7020
6002083;86 Connector Road;(902) 897-0333
6002084;7 Robie Street;(902) 895-4343
6002085;248 Hwy 214;(902) 883-3100
6002086;4164 Hwy 1,;(902) 798-2235
6002087;2113 Hwy 1;(902) 798-2126
6002088;632 Main Street;(902) 742-8296
6002089;65 Starrs Road;(902) 742-0440
6002090;130 Trans-Canada Hwy;(709) 466-2073
6002091;162 Trans-Canada Hwy;(709) 542-3205
6002092;5 Mill Road;(709) 634-9724
6002093;8 Confederation Drive;(709) 634-7422
6002094;62 Trans-Canada Hwy;(709) 635-2130
6002095;104 Trans-Canada Hwy;(709) 651-4215
6002096;300 Trans-Canada Hwy;(709) 256-7886
6002097;100 Trans-Canada Hwy;(709) 258-6852
6002098;55 Conception Bay N Hwy;(709) 786-7690
6002099;1 High Street;(709) 695-9898
6002100;32 Frecker Drive;(709) 758-3110
6002101;2 Stavanger Drive;(709) 758-2333
6002102;1366 Topsail Road;(709) 782-3785
6002103;8 Bay Bulls Rd;(709) 368-3486
6002104;71 Elizabeth Avenue;(709) 753-7200
6002105;16-24 Conception Bay Hwy;(709) 834-9618
6002106;632 Topsail Road;(709) 368-6371
6002107;22 Commonwealth Ave.;(709) 368-2156
6002108;184 Torbay Road;(709) 726-6600
6002110;2630 Trans-Canada Hwy;(709) 364-8936
6002112;377 Conception Bay Hwy;(709) 229-7518
6002113;1206 Torbay Road;(709) 437-1661
6002115;76 St Peters Road;(902) 566-5188
6002116;8 Riverside Drive;(902) 566-2042
6002117;19782 Malpeque Road;(902) 964-2020
6002118;82 North Drive;(902) 436-8952
6002119;191 rue Victoria;(506) 735-7118
6002122;741 Central Avenue;(902) 765-2550
6002123;8250 Shore Road;(902) 295-1616
6002124;3714, Route 3;(902) 637-3303
6002125;96 Water Street;(902) 436-2308
6002128;679 Whitbourne Ave;(709) 759-2480
6002129;6138 Route 8;(506) 369-7401
6002130;632 Main St;(902) 842-0400
6002131;330 Dieppe Boulevard;(506) 854-4188
6002132;8 Millennium Drive;(506) 847-5733
6002134;9319 Commercial Street;(902) 681-3535
6002135;5 Route 170;(506) 466-0390
6002136;595 Mapleton Rd;(506) 859-3800
6002137;30 Gary Martin Drive;(902) 835-3088
6002138;10, chemin du Marais;(506) 876-0875
6002139;19 route 124;(506) 839-1919 (May Change)
6002142;51 Jam Lane;(902) 832-0692
6002143;198 Beardsley Rd;(506) 328-1962
6002301;5 Plaza Boulevard;506-382-6698
6002302;114 Botsford Street;506-857-1720
6002303;305 Rte 110;(506) 392-5592
6002304;1 Gateway Drive;506-446-9372
6002305;143 Route LaVallee;506-758-9492
6002306;365 Elmwood Dr.;506-855-3880
6002307;365 Elmwood Dr.;506-855-5129
6002308;65 Champlain St;506-859-8308
6002309;1715 Woodstock Rd;506-472-6193
6002310;1190 Smythe St;506-459-8387
6002311;361 Main St;506-472-8551
6002312;3 Main Street;709-639-1548
6002313;258 Memorial Drive;(709) 466-2340
6002314;31 Upper Nicholsville Rd;709-635-5437
6002315;20 Main Street;709-643-2240
6002320;349 Main Road;709-368-2822
6002322;249 Park Avenue;7093647266
6002323;1318 Topsail Road;(709) 782-3334
6002325;2301 Highway #2;902-758-3970
6002326;640 Granville St;902-665-2442
6002327;3291 Lake Thomas Drive;902-861-1252
6002328;8743 Highway #2;902-668-2442
6002329;440 Prince Street;902-562-5028
6002331;282 Pictou Road;902-893-8088
6002332;320 Bridge Ave;902-752-0757
6002333;830 Main Street;902-736-6900
6002334;307 Marsh St;(902) 861-1252
6002335;810 Sackville Drive;902-865-3776
6002336;1505 Bedford Highway;9028359162
6002337;646 Main Street;902-434-9199
6002338;116 Wyse Road;(902) 466-3776
6002339;6020 Young Street;902-453-0088
6002340;32 Exhibition Dr.;(902) 566-3990
6002341;31441 Highway 2;(902) 854-2333
6002342;141 Abegweit Blvd.;(902) 437-2600
6002343;495 Granville St;902-888-3322
6002344;124 Trans Canada Highway;902-368-3820
6002345;8 Brackley Pt Road;902-892-6921
6002346;575 Main St;902-838-2103
6002501;1930 Mountain Rd, route 126;(506) 384-9662
6002505;154 St. Peters Road;(902) 892-2651
6002507;3084 HWY 104;(902) 863-5326
6002508;308 Main Street;(902) 863-8220
6002509;30 Main Street;(902) 897-0212
6002511;229 Contryview Drive;(902) 481-1179
6002512;219 Plesant Street;(902) 469-8483
6002513;280 Lacewood Dr.;(902) 443-6215
6002514;173 Herring Cove Road;(902) 477-4921
6002515;5450 Inglis Street;(902) 423-2060
6002516;10 Highfield Park Dr.;(902) 464-9843
6002517;581 Portland Street;(902) 462-6266
6002518;220 Victoria Rd.;(902) 466-2261
6002519;5204 Highway 7;(902) 827-4493
6002520;220 Cobequid Road;(902) 865-8275
6002521;141 Willow Street;(902) 895-8495
6002522;151 CONCEPTION BAY HWY;(709) 786-7041
6002523;265 Conception Bay Hwy;(709) 834-9651
6002524;695 Conception Bay Hwy;(709) 834-5712
6002525;95 Mt. Bernard Avenue;(709) 634-4778
6002526;41 Union Street;(709) 489-8812
6002527;14, Commenwealth Ave;(709) 364-8583
6002528;1429 Portugal Cove Road;(709) 895-3416
6002529;52 Kenmount Road;(709) 753-0149
6002530;279 Portugal Cove Road;(709) 738-2126
6002531;172 Freshwater Rd.;(709) 579-2768
6002532;9 Main Street;(709) 643-6022
6002533;108 George St. West;(709) 722-4642
6002534;1395 St. Peters Av.;(506) 545-7211
6002535;143 Val D'Amour Road;(506) 789-7758
6002538;623 Union Street;(506) 472-3987
6002539;884 Mountain Road;(506) 857-3097
6002540;270 Coverdale Road;(506) 386-8553
6002541;1201, Hanwell Road;(506) 444-0907
6002553;1641 Topsail Road;(709) 782-4724
6009998;123 de la rue;(123) 456-7890
6009999;4204 boul. Industriel;(450) 662-6632
TRNG_EC_0201;19795 Ch Ste-Marie;(514) 630-6055
TRNG_EC_0535;41, rue Valvue;(418) 843-5011
TRNG_EC_0600;730 Boulevard du Mont-Royal;(819) 243-7686
TRNG_EC_0630;3250 Boul Henri-Bourassa E;(514) 327-1913
TRNG_EC_0679;2903 Boulevard du Curé Labelle;(450) 224-5511
TRNG_EC_0740;1780 Rue King E;(819) 564-0011
TRNG_EC_0835;5850, boul. Jean XXIII;(819) 373-5620
TRNG_EC_1064;4014, boul. St-Joseph;(819) 478-9186
TRNG_EC_1078;1402 Chemin des Patriotes;(450) 447-6759
TRNG_EC_1129;9, rue des Roses;(819) 752-6887
TRNG_EC_1196;6598 Boulevard Taschereau;(450) 671-0144
TRNG_EC_1279;597 Rue Dufferin;(450) 375-1732
TRNG_EC_1303;1505, route des Rivières;(418) 831-0464
TRNG_EC_1353;440, Mont-Royal Est;(514) 849-1842
6002341;31441 Highway 2;N/A
6002342;141 Abegweit Blvd.;(902) 437-2600
6002343;495 Granville St;N/A
6002344;124 Trans Canada Highway;N/A
6002345;8 Brackley Pt Road;N/A
6002346;575 Main St;N/A
6002350;N/A;N/A
6002501;1930 Mountain Rd, route 126;(506) 384-9662
6002505;154 St. Peters Road;(902) 892-2651
6002507;3084 HWY 104;(902) 863-5326
6002509;30 Main Street;(902) 897-0212
6002511;229 Contryview Drive;(902) 481-1179
6002512;219 Plesant Street;(902) 469-8483
6002513;280 Lacewood Dr.;(902) 443-6215
6002514;173 Herring Cove Road;(902) 477-4921
6002515;5450 Inglis Street;(902) 423-2060
6002516;10 Highfield Park Dr.;(902) 464-9843
6002517;581 Portland Street;(902) 462-6266
6002518;220 Victoria Rd.;(902) 466-2261
6002519;5204 Highway 7;(902) 827-4493
6002520;220 Cobequid Road;(902) 865-8275
6002521;141 Willow Street;(902) 895-8495
6002522;151 CONCEPTION BAY HWY;(709) 786-7041
6002523;265 Conception Bay Hwy;(709) 834-9651
6002524;695 Conception Bay Hwy;(709) 834-5712
6002525;95 Mt. Bernard Avenue;(709) 634-4778 
6002526;41 Union Street;(709) 489-8812
6002527;14, Commenwealth Ave;(709) 364-8583
6002528;1429 Portugal Cove Road;(709) 895-3416
6002529;52 Kenmount Road;(709) 753-0149
6002530;279 Portugal Cove Road;(709) 738-2126
6002531;172 Freshwater Rd.;(709) 579-2768
6002532;9 Main Street;(709) 643-6022
6002533;108 George St. West;(709) 722-4642
6002534;1395 St. Peters Av.;(506) 545-7211
6002535;143 Val D'Amour Road;(506) 789-7758
6002536;157 Champlain St.;(506) 854-0842
6002538;623 Union Street;(506) 472-3987
6002539;884 Mountain Road;(506) 857-3097
6002540;270 Coverdale Road;(506) 386-8553
6002541;1201, Hanwell Road;(506) 444-0907
6002553;1641 Topsail Road;(709) 782-4724
6002900;16 Smith Street;(506) 756-2567
6002904;4602 Upper Main Street;(902) 447-7025
6002905;173 Renfrew Street;(506) 684-3606
6002906;41 Falls Lane;(902) 875-3033
6002907;1 High Street;(709) 695-9898
6002912;121 Route 255;(506) 475-7813
6002922;300 Trans-Canada Hwy;(709) 256-7886
6002928;56 City Road ;(506) 634-7956
6002928B;56, City Road;(506) 202-7197
6002929;19, Route 124;(902) 445-8928
6002929B;19, Route 124;(902) 445-8928
6002930;1366 Topsail Road;(709) 782-3357
6002930B;32, Frecker Drive;(709) 758-7315
6002931;82, North Drive;(902) 436-8952
6002933;130 Trans-Canada Hwy;(709) 466-1329
6002937;300 Trans Canada Hwy;(709) 256-7886
6002938;1429 Portugal Cove Road;(709) 895-3416
6002939;131 Dundonald Street;(506) 457-1962
6009456;123 Rue Street;TBD
6009996;123 Rue Street;TBD
6009998;123 de la rue;(123) 456-7890
6009999;4204 boul. Industriel;(450) 662-6632
L3000038;4204 boul.Industriel;(450) 662-6632
L600210;71 Elizabeth Avenue;(709) 753-7200
TRNG_EC_0201;19795 Ch Ste-Marie;(514) 630-6055
TRNG_EC_0535;41, rue Valvue;(418) 843-5011
TRNG_EC_0600;730 Boulevard du Mont-Royal;(819) 243-7686
TRNG_EC_0630;3250 Boul Henri-Bourassa E;(514) 327-1913
TRNG_EC_0679;2903 Boulevard du Cur Labelle;(450) 224-5511
TRNG_EC_0740;1780 Rue King E;(819) 564-0011
TRNG_EC_0835;5850, boul. Jean XXIII;(819) 373-5620
TRNG_EC_1064;4014, boul. St-Joseph;(819) 478-9186
TRNG_EC_1078;1402 Chemin des Patriotes;(450) 447-6759
TRNG_EC_1129;9, rue des Roses;(819) 752-6887
TRNG_EC_1196;6598 Boulevard Taschereau;(450) 671-0144
TRNG_EC_1279;597 Rue Dufferin;(450) 375-1732
TRNG_EC_1303;1505, route des Rivires;(418) 831-0464
TRNG_EC_1353;440, Mont-Royal Est;(514) 849-1842
